date,AQI,PM2.5,PM10,NO2,SO2,CO,O3,Temperature,Humidity,Precipitation,Next_Day_AQI
2023-01-01,129.58333333333334,38.4625,69.53750000000001,36.375,33.40833333333333,782.7083333333334,84.91666666666667,19.875,65.375,0.0,119.41666666666667
2023-01-02,119.41666666666667,59.99166666666667,98.88333333333333,47.270833333333336,49.38333333333333,905.7083333333334,71.70833333333333,19.724999999999998,51.583333333333336,0.0,154.29166666666666
2023-01-03,154.29166666666666,51.512499999999996,77.68333333333334,25.3,27.175,542.7083333333334,80.125,19.75,36.416666666666664,0.0,117.20833333333333
2023-01-04,117.20833333333333,40.72083333333333,60.7875,18.037499999999998,25.858333333333334,466.625,94.54166666666667,18.866666666666667,33.041666666666664,0.0,119.95833333333333
2023-01-05,119.95833333333333,43.60833333333333,63.775,14.445833333333333,28.491666666666664,487.625,103.04166666666667,17.4875,31.666666666666668,0.0,121.75
2023-01-06,121.75,46.22083333333333,67.63333333333334,14.491666666666667,31.429166666666664,515.0833333333334,108.25,18.458333333333332,28.083333333333332,0.0,132.08333333333334
2023-01-07,132.08333333333334,50.18333333333334,73.10416666666667,24.120833333333334,39.637499999999996,682.1666666666666,101.625,19.925,29.25,0.0,145.79166666666666
2023-01-08,145.79166666666666,87.09583333333335,125.82916666666667,71.02083333333333,82.84166666666667,1645.7916666666667,104.625,19.195833333333333,39.208333333333336,0.0,180.20833333333334
2023-01-09,180.20833333333334,87.19583333333333,128.42083333333332,81.35416666666667,80.425,1781.0833333333333,93.375,19.345833333333335,69.95833333333333,0.0,180.41666666666666
2023-01-10,180.41666666666666,110.39166666666667,162.80416666666667,88.11666666666667,84.12916666666666,2022.9583333333333,79.41666666666667,19.825,72.70833333333333,0.0,158.54166666666666
2023-01-11,158.54166666666666,30.45,54.75,29.075,25.650000000000002,667.0833333333334,76.79166666666667,21.5125,77.16666666666667,0.008333333333333333,80.29166666666667
2023-01-12,80.29166666666667,24.604166666666668,77.04166666666667,17.108333333333334,18.670833333333334,348.0416666666667,68.5,18.054166666666667,28.583333333333332,0.0,82.29166666666667
2023-01-13,82.29166666666667,33.55833333333333,62.78333333333333,30.291666666666668,28.53333333333333,615.6666666666666,81.54166666666667,15.1875,17.916666666666668,0.0,99.125
2023-01-14,99.125,27.587500000000002,46.44583333333333,32.75833333333333,23.483333333333334,589.8333333333334,68.83333333333333,15.329166666666666,28.833333333333332,0.0,93.83333333333333
2023-01-15,93.83333333333333,42.52916666666667,67.01666666666667,32.84166666666667,38.62916666666667,765.375,85.95833333333333,14.870833333333332,43.708333333333336,0.0,135.75
2023-01-16,135.75,60.375,96.44166666666666,35.28333333333333,60.395833333333336,738.2916666666666,76.83333333333333,16.441666666666666,54.708333333333336,0.0,158.16666666666666
2023-01-17,158.16666666666666,79.125,117.58333333333333,47.27916666666667,59.92916666666667,1056.25,93.125,17.029166666666665,37.208333333333336,0.0,174.83333333333334
2023-01-18,174.83333333333334,101.02083333333333,147.65833333333333,78.41666666666667,57.199999999999996,1448.25,63.416666666666664,17.716666666666665,40.041666666666664,0.0,177.58333333333334
2023-01-19,177.58333333333334,66.89999999999999,99.22500000000001,42.229166666666664,31.020833333333332,839.875,77.25,18.466666666666665,34.5,0.0,145.58333333333334
2023-01-20,145.58333333333334,54.833333333333336,83.5125,22.59166666666667,30.833333333333332,676.2083333333334,109.08333333333333,17.620833333333334,46.916666666666664,0.0,147.875
2023-01-21,147.875,48.166666666666664,72.61666666666666,25.599999999999998,36.1625,678.625,96.41666666666667,17.212500000000002,50.25,0.0,132.58333333333334
2023-01-22,132.58333333333334,50.041666666666664,75.94583333333334,37.97083333333333,45.26666666666667,862.1666666666666,84.45833333333333,16.558333333333334,48.291666666666664,0.0,118.04166666666667
2023-01-23,118.04166666666667,34.68333333333333,53.49583333333334,33.25,32.108333333333334,722.4583333333334,71.125,16.533333333333335,32.541666666666664,0.0,118.54166666666667
2023-01-24,118.54166666666667,50.550000000000004,78.99166666666666,41.46666666666667,40.208333333333336,869.5,82.83333333333333,15.0625,40.916666666666664,0.0,113.33333333333333
2023-01-25,113.33333333333333,41.329166666666666,69.38333333333334,37.68333333333333,39.637499999999996,718.0833333333334,80.70833333333333,14.841666666666667,43.208333333333336,0.0,114.29166666666667
2023-01-26,114.29166666666667,31.708333333333332,49.2875,24.670833333333334,31.083333333333332,483.7083333333333,82.625,16.3875,29.333333333333332,0.0,92.16666666666667
2023-01-27,92.16666666666667,34.92916666666667,51.979166666666664,17.6875,25.28333333333333,452.7083333333333,104.54166666666667,17.366666666666667,26.041666666666668,0.0,104.75
2023-01-28,104.75,44.30416666666667,65.15833333333333,32.604166666666664,27.620833333333334,626.125,96.25,18.075,24.25,0.0,133.20833333333334
2023-01-29,133.20833333333334,38.5625,57.925000000000004,40.8125,33.762499999999996,743.5833333333334,75.25,17.379166666666666,42.666666666666664,0.0,102.04166666666667
2023-01-30,102.04166666666667,58.92916666666667,91.62083333333334,49.854166666666664,49.34166666666667,1110.1666666666667,91.66666666666667,18.166666666666668,49.125,0.0,157.66666666666666
2023-01-31,157.66666666666666,53.96666666666667,81.39999999999999,28.75,29.454166666666666,655.3333333333334,89.75,19.379166666666666,36.333333333333336,0.0,145.95833333333334
2023-02-01,145.95833333333334,51.395833333333336,75.91666666666667,33.05833333333333,35.69166666666667,823.5,107.33333333333333,19.516666666666666,39.958333333333336,0.0,157.0
2023-02-02,157.0,98.33749999999999,142.32500000000002,74.8125,77.63333333333334,1881.1666666666667,138.79166666666666,18.895833333333332,46.625,0.0,182.625
2023-02-03,182.625,87.45833333333333,126.53333333333335,97.50416666666666,73.47916666666667,1975.0416666666667,83.83333333333333,18.695833333333333,52.625,0.0,175.5
2023-02-04,175.5,68.09166666666667,103.47083333333335,57.5,48.82916666666666,1397.375,115.125,19.333333333333332,82.25,0.0,141.125
2023-02-05,141.125,35.770833333333336,63.26666666666667,29.349999999999998,24.583333333333332,715.75,79.45833333333333,21.416666666666668,82.875,0.0,126.33333333333333
2023-02-06,126.33333333333333,53.487500000000004,98.49583333333334,33.775,28.462500000000002,819.3333333333334,124.66666666666667,22.854166666666668,70.45833333333333,0.0,199.91666666666666
2023-02-07,199.91666666666666,115.6875,179.6208333333333,72.40416666666667,54.36666666666667,1715.9166666666667,149.83333333333334,20.337500000000002,74.45833333333333,0.0,166.25
2023-02-08,166.25,44.57083333333333,76.825,37.425,31.075,826.875,87.125,20.958333333333332,83.20833333333333,0.0,111.95833333333333
2023-02-09,111.95833333333333,32.637499999999996,57.362500000000004,20.766666666666666,20.7625,510.7083333333333,83.875,21.72083333333333,85.41666666666667,0.0,87.625
2023-02-10,87.625,24.712500000000002,46.81666666666666,13.200000000000001,14.633333333333333,357.9166666666667,91.625,22.579166666666666,81.0,0.0,109.25
2023-02-11,109.25,68.0125,108.47500000000001,37.666666666666664,33.449999999999996,915.25,107.45833333333333,22.1125,66.79166666666667,0.0,154.125
2023-02-12,154.125,43.00833333333333,73.97500000000001,43.574999999999996,28.183333333333334,730.9583333333334,62.791666666666664,23.22083333333333,36.791666666666664,0.0,131.83333333333334
2023-02-13,131.83333333333334,56.23333333333333,87.04166666666667,37.25833333333333,37.887499999999996,900.4583333333334,127.75,21.900000000000002,32.583333333333336,0.0,160.08333333333334
2023-02-14,160.08333333333334,44.4125,76.15833333333333,34.862500000000004,32.266666666666666,884.2916666666666,119.45833333333333,21.90416666666667,78.79166666666667,0.0,155.91666666666666
2023-02-15,155.91666666666666,60.949999999999996,99.47083333333335,52.875,47.84583333333333,1277.3333333333333,111.54166666666667,20.933333333333334,90.25,0.0,142.20833333333334
2023-02-16,142.20833333333334,42.166666666666664,68.41250000000001,43.416666666666664,33.520833333333336,929.5416666666666,79.375,22.224999999999998,83.25,0.0,143.375
2023-02-17,143.375,56.1,85.44583333333333,46.020833333333336,36.083333333333336,1069.5416666666667,107.25,22.47083333333333,81.33333333333333,0.0,186.125
2023-02-18,186.125,82.46249999999999,120.65416666666665,52.67916666666667,42.949999999999996,1370.375,142.16666666666666,21.520833333333332,77.04166666666667,0.0,163.66666666666666
2023-02-19,163.66666666666666,44.612500000000004,72.48333333333333,42.420833333333334,36.74583333333333,993.8333333333334,94.66666666666667,21.579166666666666,87.29166666666667,0.0,106.125
2023-02-20,106.125,30.787499999999998,57.55416666666667,26.566666666666666,23.445833333333336,628.0416666666666,92.25,23.40833333333333,78.875,0.0,121.29166666666667
2023-02-21,121.29166666666667,48.05416666666667,79.89166666666667,33.833333333333336,28.787499999999998,829.0416666666666,116.875,23.016666666666666,84.75,0.0,110.375
2023-02-22,110.375,22.295833333333334,41.56666666666667,16.454166666666666,13.658333333333333,389.0,98.54166666666667,22.829166666666666,82.25,0.0,77.91666666666667
2023-02-23,77.91666666666667,28.445833333333336,51.5625,25.837500000000002,21.2,542.9583333333334,96.66666666666667,22.429166666666664,81.45833333333333,0.0,96.70833333333333
2023-02-24,96.70833333333333,32.88333333333333,69.85833333333333,26.662499999999998,23.695833333333336,623.0416666666666,97.08333333333333,21.945833333333336,84.625,0.0,91.16666666666667
2023-02-25,91.16666666666667,27.837500000000002,56.52916666666667,28.4375,20.945833333333333,575.7083333333334,61.541666666666664,23.224999999999998,79.20833333333333,0.0,86.125
2023-02-26,86.125,30.22083333333333,49.237500000000004,30.379166666666666,24.28333333333333,630.125,68.20833333333333,23.545833333333334,81.625,0.0,118.79166666666667
2023-02-27,118.79166666666667,42.50416666666667,69.37916666666666,38.49166666666667,32.708333333333336,896.9583333333334,95.70833333333333,23.195833333333336,83.95833333333333,0.0,119.0
2023-02-28,119.0,39.65,66.07083333333334,37.358333333333334,28.933333333333334,799.875,81.66666666666667,23.045833333333334,82.95833333333333,0.0,129.5
2023-03-01,129.5,74.14999999999999,115.99583333333334,36.545833333333334,27.78333333333333,937.25,100.08333333333333,23.554166666666664,79.41666666666667,0.0,165.5
2023-03-02,165.5,63.07083333333333,96.0,23.683333333333334,27.795833333333334,681.375,126.375,26.358333333333334,48.041666666666664,0.0,171.375
2023-03-03,171.375,73.59583333333333,110.4375,28.333333333333332,32.69583333333333,699.625,130.20833333333334,26.129166666666666,51.291666666666664,0.0,176.375
2023-03-04,176.375,60.512499999999996,90.40416666666665,25.916666666666668,29.6875,750.4583333333334,141.29166666666666,26.070833333333336,50.083333333333336,0.0,190.375
2023-03-05,190.375,79.8625,115.97916666666667,38.32083333333333,36.21666666666666,1175.5833333333333,157.375,25.816666666666666,50.333333333333336,0.0,203.29166666666666
2023-03-06,203.29166666666666,79.9875,118.52083333333333,41.49583333333333,43.25833333333333,1318.25,171.04166666666666,25.383333333333336,56.375,0.0,186.41666666666666
2023-03-07,186.41666666666666,66.08749999999999,103.46249999999999,49.8375,49.62083333333334,1305.4583333333333,137.91666666666666,24.71666666666667,70.875,0.0,193.125
2023-03-08,193.125,103.22916666666667,153.07916666666668,53.3125,60.46666666666667,1606.9583333333333,191.75,24.758333333333336,73.04166666666667,0.0,215.08333333333334
2023-03-09,215.08333333333334,119.77083333333333,175.01666666666665,55.7875,44.05416666666667,1663.1666666666667,200.625,25.879166666666666,59.875,0.0,219.33333333333334
2023-03-10,219.33333333333334,87.0625,126.19166666666666,55.7125,44.6875,1358.25,179.83333333333334,25.804166666666664,55.541666666666664,0.0,164.08333333333334
2023-03-11,164.08333333333334,68.7625,100.3875,63.041666666666664,51.11666666666667,1373.5,99.58333333333333,25.40833333333333,63.0,0.0,156.41666666666666
2023-03-12,156.41666666666666,57.55833333333334,84.3125,61.59166666666667,50.875,1294.2083333333333,76.70833333333333,25.741666666666664,63.083333333333336,0.0,158.29166666666666
2023-03-13,158.29166666666666,48.26666666666667,73.71666666666667,46.52916666666667,47.395833333333336,1136.0833333333333,113.66666666666667,24.991666666666664,71.79166666666667,0.0,114.875
2023-03-14,114.875,31.441666666666666,49.75833333333333,40.487500000000004,36.49583333333333,830.75,63.25,23.991666666666664,81.20833333333333,0.0,89.125
2023-03-15,89.125,25.133333333333336,45.49583333333334,18.6125,19.120833333333334,448.75,73.95833333333333,25.108333333333334,80.08333333333333,0.0,79.33333333333333
2023-03-16,79.33333333333333,23.383333333333336,42.55416666666667,21.691666666666666,20.216666666666665,505.875,74.41666666666667,25.541666666666668,80.33333333333333,0.0,83.04166666666667
2023-03-17,83.04166666666667,26.287499999999998,44.77916666666667,27.920833333333334,25.96666666666667,623.5416666666666,83.54166666666667,25.616666666666664,79.58333333333333,0.0,135.79166666666666
2023-03-18,135.79166666666666,54.36666666666667,84.5625,38.208333333333336,43.375,912.9583333333334,128.70833333333334,25.400000000000002,66.25,0.0,161.45833333333334
2023-03-19,161.45833333333334,44.85833333333333,73.6375,30.662499999999998,40.99166666666667,752.2083333333334,123.33333333333333,24.895833333333332,69.20833333333333,0.0,104.0
2023-03-20,104.0,25.8625,51.3125,22.59583333333333,26.208333333333332,523.5416666666666,84.54166666666667,24.575,76.91666666666667,0.0,73.66666666666667
2023-03-21,73.66666666666667,18.662499999999998,39.99166666666667,15.295833333333334,14.862499999999999,363.0,67.125,25.1125,71.04166666666667,0.0,68.0
2023-03-22,68.0,18.658333333333335,34.4375,14.833333333333334,14.354166666666666,358.3333333333333,67.16666666666667,23.883333333333336,78.16666666666667,0.016666666666666666,68.75
2023-03-23,68.75,18.525000000000002,40.0875,13.841666666666667,11.975,319.0416666666667,59.125,23.474999999999998,81.08333333333333,0.15833333333333333,73.0
2023-03-24,73.0,18.383333333333333,49.104166666666664,10.508333333333333,7.9750000000000005,265.3333333333333,114.29166666666667,24.429166666666664,59.958333333333336,0.0,74.91666666666667
2023-03-25,74.91666666666667,20.916666666666668,47.025,12.404166666666667,9.983333333333333,320.3333333333333,112.875,24.495833333333334,67.0,0.0,96.125
2023-03-26,96.125,30.208333333333332,57.45416666666667,24.795833333333334,21.712500000000002,597.8333333333334,111.58333333333333,24.175,75.04166666666667,0.0,101.83333333333333
2023-03-27,101.83333333333333,31.662499999999998,56.34166666666667,29.429166666666664,25.620833333333334,650.4583333333334,100.45833333333333,24.662499999999998,69.41666666666667,0.0,90.08333333333333
2023-03-28,90.08333333333333,25.520833333333332,48.98333333333333,14.058333333333332,15.9625,381.7916666666667,94.79166666666667,24.570833333333336,78.08333333333333,0.0,75.79166666666667
2023-03-29,75.79166666666667,21.429166666666664,50.916666666666664,10.504166666666666,12.520833333333334,308.9166666666667,80.625,25.304166666666664,78.125,0.0,80.54166666666667
2023-03-30,80.54166666666667,23.054166666666664,56.525000000000006,10.9125,13.470833333333333,316.0416666666667,112.0,25.266666666666666,70.91666666666667,0.03333333333333333,80.70833333333333
2023-03-31,80.70833333333333,23.34166666666667,48.625,8.958333333333334,9.9375,288.2916666666667,112.45833333333333,25.804166666666664,75.91666666666667,0.0,74.91666666666667
2023-04-01,74.91666666666667,19.395833333333332,37.97083333333333,3.4625,5.145833333333333,168.04166666666666,96.33333333333333,25.670833333333334,74.33333333333333,0.0,69.41666666666667
2023-04-02,69.41666666666667,20.470833333333335,41.00833333333333,8.674999999999999,11.5,299.625,96.375,25.420833333333334,77.0,0.0,71.66666666666667
2023-04-03,71.66666666666667,21.075,47.59583333333333,11.566666666666668,13.183333333333332,321.5833333333333,83.58333333333333,26.166666666666668,78.33333333333333,0.012500000000000002,84.58333333333333
2023-04-04,84.58333333333333,16.787499999999998,33.574999999999996,14.029166666666667,13.058333333333332,373.9583333333333,111.83333333333333,24.879166666666666,74.20833333333333,0.0,80.5
2023-04-05,80.5,16.5625,29.883333333333336,17.425,15.020833333333334,435.625,116.41666666666667,25.079166666666666,68.70833333333333,0.0,76.70833333333333
2023-04-06,76.70833333333333,20.229166666666668,38.725,22.712500000000002,18.025000000000002,499.8333333333333,103.875,25.02916666666667,75.54166666666667,0.0,98.875
2023-04-07,98.875,27.566666666666666,48.125,29.766666666666666,25.541666666666668,710.5833333333334,111.79166666666667,25.233333333333334,77.95833333333333,0.0,129.75
2023-04-08,129.75,38.3375,64.03333333333333,27.0125,25.266666666666666,740.5,126.375,25.84583333333333,76.41666666666667,0.0,94.04166666666667
2023-04-09,94.04166666666667,22.875,44.137499999999996,22.462500000000002,21.7625,532.625,83.79166666666667,25.650000000000002,78.16666666666667,0.0,82.58333333333333
2023-04-10,82.58333333333333,27.8625,51.80416666666667,33.32083333333333,36.891666666666666,730.9166666666666,74.04166666666667,25.175,82.08333333333333,0.0,85.04166666666667
2023-04-11,85.04166666666667,24.616666666666664,46.425000000000004,31.191666666666666,28.704166666666666,684.4166666666666,75.29166666666667,25.21666666666667,81.58333333333333,0.0,124.625
2023-04-12,124.625,39.895833333333336,69.96249999999999,25.795833333333334,25.354166666666668,696.9583333333334,115.54166666666667,27.0625,75.75,0.0,101.45833333333333
2023-04-13,101.45833333333333,26.879166666666666,50.895833333333336,24.270833333333332,22.833333333333332,590.4166666666666,79.04166666666667,27.90416666666667,70.0,0.0,77.41666666666667
2023-04-14,77.41666666666667,20.7375,40.612500000000004,21.554166666666664,20.983333333333334,508.9166666666667,66.125,27.03333333333333,81.95833333333333,0.0,80.66666666666667
2023-04-15,80.66666666666667,29.504166666666666,63.8375,29.412499999999998,30.7375,666.375,73.70833333333333,27.191666666666666,81.70833333333333,0.0,85.20833333333333
2023-04-16,85.20833333333333,23.554166666666664,50.7875,22.254166666666666,22.708333333333332,531.9583333333334,86.70833333333333,27.375,80.70833333333333,0.0,82.875
2023-04-17,82.875,21.245833333333334,47.7875,19.654166666666665,19.133333333333333,471.25,99.45833333333333,27.358333333333334,77.54166666666667,0.0,79.58333333333333
2023-04-18,79.58333333333333,28.629166666666666,54.2875,23.1125,19.75,534.75,79.45833333333333,28.570833333333336,66.625,0.0,93.5
2023-04-19,93.5,32.666666666666664,62.70416666666667,23.90416666666667,21.316666666666666,576.125,91.5,27.870833333333334,62.791666666666664,0.0,100.45833333333333
2023-04-20,100.45833333333333,26.870833333333334,53.52916666666667,18.0125,16.320833333333333,459.8333333333333,106.625,27.945833333333336,70.58333333333333,0.0,77.875
2023-04-21,77.875,20.099999999999998,40.6,15.316666666666668,14.200000000000001,388.6666666666667,72.625,27.616666666666664,77.33333333333333,0.0,81.875
2023-04-22,81.875,23.837500000000002,48.87083333333334,17.645833333333332,18.091666666666665,445.9583333333333,90.58333333333333,27.6125,76.04166666666667,0.0,81.25
2023-04-23,81.25,23.245833333333334,44.3125,23.90416666666667,22.6875,563.4583333333334,78.20833333333333,28.224999999999998,73.95833333333333,0.0,82.70833333333333
2023-04-24,82.70833333333333,28.40416666666667,52.637499999999996,29.170833333333334,25.1875,640.5,60.041666666666664,27.745833333333334,78.08333333333333,0.0,87.5
2023-04-25,87.5,28.679166666666664,51.92083333333333,22.304166666666664,20.304166666666667,545.875,67.33333333333333,28.15416666666667,69.58333333333333,0.0,83.66666666666667
2023-04-26,83.66666666666667,24.24166666666667,47.4,16.283333333333335,15.549999999999999,419.0,81.79166666666667,28.224999999999998,55.083333333333336,0.0,70.41666666666667
2023-04-27,70.41666666666667,15.5625,30.645833333333332,10.679166666666667,10.554166666666667,305.375,66.375,27.2625,71.79166666666667,0.012499999999999999,63.083333333333336
2023-04-28,63.083333333333336,15.583333333333334,31.191666666666666,12.049999999999999,12.158333333333333,323.875,70.58333333333333,25.962500000000002,75.875,0.14166666666666666,71.70833333333333
2023-04-29,71.70833333333333,15.779166666666667,29.650000000000002,13.683333333333332,18.099999999999998,384.0416666666667,88.33333333333333,25.2375,76.375,0.03333333333333333,72.29166666666667
2023-04-30,72.29166666666667,17.3875,33.99583333333333,15.354166666666666,19.454166666666666,391.125,88.0,26.045833333333334,68.91666666666667,0.008333333333333333,75.75
2023-05-01,75.75,20.216666666666665,35.09583333333333,15.362499999999999,16.599999999999998,398.6666666666667,91.33333333333333,27.304166666666664,71.45833333333333,0.0375,72.125
2023-05-02,72.125,19.2,35.0,16.704166666666666,17.820833333333333,430.0,79.08333333333333,27.8875,74.33333333333333,0.004166666666666667,64.54166666666667
2023-05-03,64.54166666666667,15.191666666666668,29.191666666666666,17.108333333333334,17.779166666666665,421.0,71.08333333333333,27.816666666666666,78.41666666666667,0.0,66.41666666666667
2023-05-04,66.41666666666667,20.158333333333335,41.762499999999996,20.825,23.375,481.2083333333333,68.79166666666667,27.616666666666664,80.45833333333333,0.0,71.04166666666667
2023-05-05,71.04166666666667,20.058333333333334,45.50416666666666,18.55,19.55,442.25,71.91666666666667,27.745833333333334,79.75,0.0,71.41666666666667
2023-05-06,71.41666666666667,20.537499999999998,40.87083333333333,17.925,17.908333333333335,422.0833333333333,73.95833333333333,28.570833333333336,76.41666666666667,0.0,73.04166666666667
2023-05-07,73.04166666666667,21.029166666666665,48.387499999999996,14.166666666666666,15.058333333333332,352.25,65.66666666666667,28.429166666666664,80.375,0.0,72.375
2023-05-08,72.375,21.59583333333333,43.324999999999996,19.0,19.349999999999998,439.2083333333333,70.45833333333333,28.866666666666664,78.79166666666667,0.0,83.20833333333333
2023-05-09,83.20833333333333,29.704166666666666,56.97083333333333,27.0,29.166666666666668,609.8333333333334,67.5,28.383333333333336,78.58333333333333,0.0,94.625
2023-05-10,94.625,27.400000000000002,48.5375,28.5625,26.825,647.4166666666666,84.20833333333333,29.433333333333334,71.33333333333333,0.0,90.45833333333333
2023-05-11,90.45833333333333,25.608333333333334,47.925000000000004,19.654166666666665,20.341666666666665,488.0,87.25,30.183333333333334,68.0,0.0,74.58333333333333
2023-05-12,74.58333333333333,18.220833333333335,30.09583333333333,17.599999999999998,20.8375,445.875,68.58333333333333,30.28333333333333,66.54166666666667,0.0,67.125
2023-05-13,67.125,17.95,30.741666666666664,21.416666666666668,24.037499999999998,514.625,60.833333333333336,30.15833333333333,71.25,0.0,65.20833333333333
2023-05-14,65.20833333333333,15.041666666666666,29.28333333333333,10.1,14.387500000000001,300.5,59.875,29.608333333333334,80.25,0.0,61.708333333333336
2023-05-15,61.708333333333336,16.358333333333334,34.645833333333336,10.016666666666667,13.170833333333333,263.2916666666667,57.333333333333336,29.620833333333334,80.20833333333333,0.004166666666666667,64.625
2023-05-16,64.625,17.654166666666665,33.53333333333333,9.295833333333333,10.8375,243.58333333333334,50.5,29.608333333333334,80.625,0.0,67.33333333333333
2023-05-17,67.33333333333333,16.791666666666668,34.50416666666667,7.458333333333333,8.745833333333334,205.875,53.333333333333336,29.474999999999998,77.45833333333333,0.025000000000000005,62.541666666666664
2023-05-18,62.541666666666664,15.329166666666666,35.63333333333333,11.058333333333332,11.479166666666666,270.0833333333333,55.666666666666664,29.625,79.79166666666667,0.0,62.833333333333336
2023-05-19,62.833333333333336,16.875,42.3375,12.75,13.625,308.6666666666667,53.291666666666664,29.354166666666668,81.16666666666667,0.0,63.416666666666664
2023-05-20,63.416666666666664,15.129166666666668,35.625,8.895833333333334,9.833333333333334,237.70833333333334,51.375,29.150000000000002,77.79166666666667,0.0,62.875
2023-05-21,62.875,16.570833333333333,38.050000000000004,7.783333333333334,8.904166666666667,223.125,52.166666666666664,29.72083333333333,75.95833333333333,0.0,64.29166666666667
2023-05-22,64.29166666666667,15.924999999999999,37.291666666666664,8.512500000000001,9.508333333333333,234.79166666666666,54.208333333333336,29.820833333333336,79.54166666666667,0.0,61.708333333333336
2023-05-23,61.708333333333336,15.799999999999999,32.27916666666667,12.466666666666667,12.9625,294.3333333333333,47.791666666666664,29.766666666666666,82.75,0.016666666666666666,65.375
2023-05-24,65.375,17.849999999999998,34.266666666666666,12.049999999999999,13.408333333333333,308.5,53.458333333333336,29.945833333333336,82.25,0.0,66.54166666666667
2023-05-25,66.54166666666667,18.308333333333334,34.9625,9.258333333333333,11.016666666666666,271.0,50.375,30.3,80.375,0.0,67.95833333333333
2023-05-26,67.95833333333333,17.5,33.670833333333334,9.262500000000001,10.445833333333333,256.9583333333333,45.833333333333336,30.229166666666668,80.75,0.0,65.375
2023-05-27,65.375,17.75,33.86666666666667,11.0625,12.516666666666666,283.4166666666667,45.666666666666664,30.224999999999998,79.5,0.0,64.66666666666667
2023-05-28,64.66666666666667,14.495833333333332,28.462500000000002,11.35,13.370833333333332,290.6666666666667,44.583333333333336,30.170833333333334,80.08333333333333,0.0,59.75
2023-05-29,59.75,13.258333333333333,25.95,11.762500000000001,14.520833333333334,294.8333333333333,42.416666666666664,29.96666666666667,83.29166666666667,0.0,57.166666666666664
2023-05-30,57.166666666666664,13.362499999999999,27.416666666666668,10.0375,11.266666666666666,252.29166666666666,43.75,29.916666666666668,76.5,0.008333333333333333,58.125
2023-05-31,58.125,13.0375,23.070833333333336,8.358333333333333,9.654166666666667,216.41666666666666,41.541666666666664,29.616666666666664,74.45833333333333,0.04583333333333334,57.625
2023-06-01,57.625,14.408333333333333,27.09583333333333,7.233333333333333,8.041666666666666,205.75,45.25,29.941666666666666,76.875,0.05833333333333334,63.625
2023-06-02,63.625,15.904166666666667,31.616666666666664,10.695833333333333,12.0375,278.0416666666667,54.791666666666664,30.02916666666667,80.95833333333333,0.004166666666666667,61.375
2023-06-03,61.375,15.450000000000001,33.28333333333333,12.429166666666667,13.654166666666667,303.9583333333333,58.041666666666664,29.96666666666667,81.625,0.0,65.83333333333333
2023-06-04,65.83333333333333,19.795833333333334,47.32083333333333,13.375,15.120833333333332,334.6666666666667,67.75,30.070833333333336,80.66666666666667,0.0,68.41666666666667
2023-06-05,68.41666666666667,16.891666666666666,39.50416666666667,12.370833333333332,13.529166666666667,295.25,58.041666666666664,29.983333333333334,80.79166666666667,0.0,64.95833333333333
2023-06-06,64.95833333333333,17.966666666666665,37.24583333333333,15.358333333333333,16.0,347.5416666666667,61.416666666666664,30.395833333333332,81.29166666666667,0.0,69.25
2023-06-07,69.25,20.179166666666667,42.483333333333334,15.799999999999999,18.116666666666667,361.0833333333333,60.041666666666664,30.65416666666667,81.33333333333333,0.0,67.79166666666667
2023-06-08,67.79166666666667,16.045833333333334,34.90833333333333,9.145833333333334,11.5375,245.08333333333334,58.125,30.333333333333332,77.45833333333333,0.0,64.20833333333333
2023-06-09,64.20833333333333,18.616666666666667,42.104166666666664,7.9875,9.2875,219.25,52.416666666666664,30.2,76.29166666666667,0.03333333333333333,69.41666666666667
2023-06-10,69.41666666666667,16.695833333333333,37.324999999999996,9.579166666666667,11.329166666666666,243.0,54.75,29.941666666666666,76.0,0.008333333333333333,65.04166666666667
2023-06-11,65.04166666666667,21.8625,35.11666666666667,25.170833333333334,26.066666666666666,515.625,61.708333333333336,30.016666666666666,76.29166666666667,0.0,150.66666666666666
2023-06-12,150.66666666666666,61.19583333333333,93.07083333333333,27.420833333333334,34.458333333333336,790.375,147.41666666666666,32.09583333333333,64.83333333333333,0.0,119.29166666666667
2023-06-13,119.29166666666667,14.308333333333332,33.204166666666666,12.070833333333333,18.537499999999998,216.875,61.291666666666664,31.46666666666667,64.29166666666667,0.225,65.29166666666667
2023-06-14,65.29166666666667,19.708333333333332,46.71666666666667,8.833333333333334,14.1875,177.66666666666666,63.75,31.004166666666666,64.58333333333333,0.020833333333333332,71.125
2023-06-15,71.125,17.620833333333334,38.275,8.416666666666666,11.987499999999999,171.5,55.458333333333336,30.395833333333332,67.625,0.012500000000000002,63.666666666666664
2023-06-16,63.666666666666664,21.166666666666668,40.483333333333334,14.558333333333332,13.483333333333334,296.875,66.29166666666667,31.15833333333333,70.70833333333333,0.05416666666666667,79.375
2023-06-17,79.375,24.991666666666664,63.02916666666667,10.299999999999999,11.65,254.58333333333334,61.041666666666664,30.566666666666666,80.5,0.0,83.54166666666667
2023-06-18,83.54166666666667,27.979166666666668,71.50833333333334,8.025,8.604166666666666,220.08333333333334,59.875,30.291666666666668,74.125,0.0,85.625
2023-06-19,85.625,26.420833333333334,71.18333333333334,7.125,8.137500000000001,206.91666666666666,62.416666666666664,30.066666666666666,74.54166666666667,0.0,79.95833333333333
2023-06-20,79.95833333333333,24.229166666666668,67.47916666666667,7.1000000000000005,8.208333333333334,205.375,66.25,30.616666666666664,69.29166666666667,0.0,78.41666666666667
2023-06-21,78.41666666666667,23.316666666666666,65.55416666666666,8.420833333333333,9.5,224.83333333333334,61.208333333333336,30.583333333333332,73.5,0.041666666666666664,74.33333333333333
2023-06-22,74.33333333333333,20.675,54.5,8.5375,9.975,224.125,57.625,30.204166666666666,76.875,0.09166666666666667,72.625
2023-06-23,72.625,21.212500000000002,56.81666666666666,7.983333333333333,9.466666666666667,210.70833333333334,55.791666666666664,30.129166666666666,76.16666666666667,0.016666666666666666,72.75
2023-06-24,72.75,20.891666666666666,51.25416666666666,8.558333333333334,10.108333333333333,221.25,53.375,30.1125,77.95833333333333,0.041666666666666664,70.66666666666667
2023-06-25,70.66666666666667,19.9375,47.65833333333333,9.5,11.633333333333333,252.29166666666666,58.541666666666664,30.333333333333332,78.58333333333333,0.020833333333333332,72.58333333333333
2023-06-26,72.58333333333333,21.712500000000002,50.48333333333333,9.433333333333334,13.424999999999999,267.7916666666667,63.041666666666664,30.4875,77.125,0.03333333333333333,75.58333333333333
2023-06-27,75.58333333333333,24.120833333333334,63.80833333333334,8.891666666666667,11.779166666666667,246.25,64.125,30.6375,76.125,0.03333333333333333,77.54166666666667
2023-06-28,77.54166666666667,21.1375,58.112500000000004,6.666666666666667,4.366666666666666,159.91666666666666,54.875,30.84583333333333,75.5,0.0,67.58333333333333
2023-06-29,67.58333333333333,15.095833333333333,38.891666666666666,6.191666666666666,3.7875,148.625,51.666666666666664,31.09166666666667,73.33333333333333,0.012500000000000002,61.916666666666664
2023-06-30,61.916666666666664,17.712500000000002,45.69166666666666,5.841666666666666,3.5,147.83333333333334,49.958333333333336,30.808333333333334,73.29166666666667,0.041666666666666664,73.375
2023-07-01,73.375,24.804166666666664,72.8125,6.491666666666667,4.016666666666667,150.875,50.5,30.854166666666668,74.41666666666667,0.04583333333333334,81.66666666666667
2023-07-02,81.66666666666667,25.599999999999998,94.50416666666666,7.875,5.291666666666667,165.25,58.458333333333336,30.770833333333332,75.83333333333333,0.016666666666666666,79.91666666666667
2023-07-03,79.91666666666667,25.020833333333332,114.375,8.145833333333334,5.541666666666667,156.0,55.875,30.724999999999998,77.58333333333333,0.016666666666666666,82.41666666666667
2023-07-04,82.41666666666667,25.895833333333332,107.65416666666665,6.6375,4.908333333333333,156.25,57.208333333333336,30.6125,73.75,0.004166666666666667,83.41666666666667
2023-07-05,83.41666666666667,27.395833333333332,101.91250000000001,5.9750000000000005,4.316666666666666,147.70833333333334,64.54166666666667,30.879166666666666,72.0,0.025000000000000005,88.625
2023-07-06,88.625,34.541666666666664,142.74166666666667,8.854166666666666,6.308333333333334,181.0,68.91666666666667,30.829166666666666,73.79166666666667,0.004166666666666667,96.58333333333333
2023-07-07,96.58333333333333,31.6375,137.5375,10.195833333333333,6.241666666666667,190.83333333333334,62.416666666666664,31.675,73.41666666666667,0.0,103.125
2023-07-08,103.125,38.949999999999996,201.79166666666666,11.008333333333333,5.716666666666666,193.75,61.916666666666664,31.325,73.41666666666667,0.16666666666666666,127.25
2023-07-09,127.25,36.579166666666666,209.97916666666666,9.320833333333333,5.5,175.875,63.333333333333336,31.004166666666666,74.25,0.004166666666666667,117.875
2023-07-10,117.875,29.266666666666666,142.59583333333333,6.704166666666667,4.4750000000000005,144.125,58.208333333333336,30.9875,67.25,0.0,88.04166666666667
2023-07-11,88.04166666666667,29.65416666666667,113.32916666666667,6.391666666666667,4.1875,148.625,58.875,31.3,64.375,0.0,88.08333333333333
2023-07-12,88.08333333333333,28.075,116.82916666666667,5.8875,3.8666666666666667,140.04166666666666,56.625,31.108333333333334,65.125,0.0,83.875
2023-07-13,83.875,25.870833333333334,121.05833333333334,5.7875000000000005,3.8499999999999996,134.25,57.25,31.03333333333333,67.25,0.004166666666666667,84.54166666666667
2023-07-14,84.54166666666667,28.770833333333332,109.41250000000001,5.591666666666666,3.9125,131.08333333333334,54.75,30.866666666666664,67.20833333333333,0.008333333333333333,85.45833333333333
2023-07-15,85.45833333333333,27.7625,89.37916666666666,5.6125,3.6374999999999997,127.29166666666667,51.458333333333336,30.504166666666666,68.54166666666667,0.0,92.54166666666667
2023-07-16,92.54166666666667,34.525,108.42916666666667,6.075,3.720833333333333,141.0,54.208333333333336,30.4375,68.41666666666667,0.0,94.25
2023-07-17,94.25,29.433333333333334,97.9875,6.833333333333333,4.3875,152.0,56.0,30.787499999999998,70.83333333333333,0.008333333333333333,84.70833333333333
2023-07-18,84.70833333333333,24.34166666666667,79.39166666666667,6.7749999999999995,4.4125000000000005,149.33333333333334,53.958333333333336,30.241666666666664,74.5,0.025000000000000005,75.0
2023-07-19,75.0,22.329166666666666,75.69166666666666,7.270833333333333,4.570833333333334,142.83333333333334,54.083333333333336,30.116666666666664,74.125,0.004166666666666667,80.83333333333333
2023-07-20,80.83333333333333,28.179166666666664,110.34583333333335,10.595833333333333,6.8999999999999995,182.5,55.416666666666664,30.520833333333332,72.20833333333333,0.0,80.41666666666667
2023-07-21,80.41666666666667,21.0,77.78750000000001,9.549999999999999,6.145833333333333,178.20833333333334,52.166666666666664,30.395833333333332,75.91666666666667,0.19583333333333333,72.875
2023-07-22,72.875,22.870833333333334,85.2,10.070833333333333,6.0874999999999995,187.0,59.375,30.525000000000002,77.08333333333333,0.008333333333333333,73.54166666666667
2023-07-23,73.54166666666667,18.95,41.112500000000004,14.604166666666666,9.054166666666667,279.4166666666667,75.91666666666667,30.15416666666667,81.625,1.1458333333333333,66.04166666666667
2023-07-24,66.04166666666667,15.116666666666667,24.0,15.891666666666666,10.125,309.5,81.54166666666667,28.1125,88.75,0.6833333333333332,66.54166666666667
2023-07-25,66.54166666666667,24.066666666666666,57.37083333333334,21.412499999999998,9.0875,287.3333333333333,51.875,28.5,85.375,0.2916666666666667,78.83333333333333
2023-07-26,78.83333333333333,22.508333333333336,49.2125,17.425,9.5875,261.4166666666667,61.958333333333336,28.816666666666666,83.41666666666667,0.025000000000000005,75.08333333333333
2023-07-27,75.08333333333333,20.125,53.0875,10.5875,4.5625,184.5,51.75,28.84583333333333,83.16666666666667,0.0375,69.66666666666667
2023-07-28,69.66666666666667,19.704166666666666,55.93333333333334,8.15,3.7916666666666665,163.83333333333334,46.5,28.745833333333334,81.66666666666667,0.008333333333333333,69.0
2023-07-29,69.0,20.408333333333335,75.26666666666667,8.633333333333333,3.7125,148.95833333333334,42.333333333333336,28.683333333333334,80.875,0.0375,75.33333333333333
2023-07-30,75.33333333333333,23.104166666666668,85.98333333333333,9.799999999999999,4.0625,163.79166666666666,41.5,28.766666666666666,82.70833333333333,0.03333333333333333,74.41666666666667
2023-07-31,74.41666666666667,21.400000000000002,77.63333333333334,9.4875,4.154166666666667,163.875,39.708333333333336,28.691666666666666,84.54166666666667,0.05416666666666667,73.70833333333333
2023-08-01,73.70833333333333,20.724999999999998,72.02499999999999,8.770833333333334,3.9875000000000003,160.83333333333334,42.708333333333336,28.620833333333334,84.83333333333333,0.04583333333333334,72.29166666666667
2023-08-02,72.29166666666667,21.208333333333332,68.73333333333333,7.5375000000000005,3.716666666666667,157.08333333333334,48.791666666666664,28.583333333333332,83.16666666666667,0.05833333333333334,74.33333333333333
2023-08-03,74.33333333333333,23.95,91.36666666666667,7.529166666666666,4.0625,156.79166666666666,51.208333333333336,28.483333333333334,82.16666666666667,0.03333333333333333,82.875
2023-08-04,82.875,26.754166666666666,109.07083333333333,8.529166666666667,4.495833333333334,159.625,50.958333333333336,28.441666666666666,83.45833333333333,0.0375,79.45833333333333
2023-08-05,79.45833333333333,23.229166666666668,108.2625,7.195833333333333,4.241666666666666,151.20833333333334,55.083333333333336,28.329166666666666,81.75,0.0375,78.83333333333333
2023-08-06,78.83333333333333,23.483333333333334,100.28750000000001,5.845833333333334,3.3708333333333336,142.0,50.041666666666664,28.233333333333334,80.375,0.02916666666666667,78.875
2023-08-07,78.875,26.541666666666668,101.7625,5.804166666666667,3.0708333333333333,145.5,48.791666666666664,28.041666666666668,80.20833333333333,0.07083333333333335,78.79166666666667
2023-08-08,78.79166666666667,21.920833333333334,66.89166666666667,6.270833333333333,3.3666666666666667,139.16666666666666,48.125,27.995833333333334,81.66666666666667,0.09166666666666667,73.41666666666667
2023-08-09,73.41666666666667,20.058333333333334,58.833333333333336,6.504166666666666,3.5666666666666664,145.45833333333334,46.583333333333336,27.97083333333333,81.625,0.03333333333333333,68.79166666666667
2023-08-10,68.79166666666667,18.724999999999998,54.11666666666667,7.166666666666667,3.670833333333333,146.33333333333334,46.083333333333336,27.829166666666666,82.45833333333333,0.06666666666666667,69.91666666666667
2023-08-11,69.91666666666667,19.462500000000002,55.42083333333333,7.208333333333333,3.6916666666666664,138.875,45.708333333333336,27.72083333333333,82.29166666666667,0.05416666666666667,68.83333333333333
2023-08-12,68.83333333333333,18.533333333333335,50.42083333333333,6.2250000000000005,3.3166666666666664,136.20833333333334,44.833333333333336,27.59583333333333,81.45833333333333,0.03333333333333333,68.33333333333333
2023-08-13,68.33333333333333,18.9375,56.237500000000004,6.191666666666666,3.275,135.375,46.583333333333336,27.625,80.79166666666667,0.025000000000000005,67.125
2023-08-14,67.125,17.6375,54.30416666666667,7.2875000000000005,3.8874999999999997,136.70833333333334,49.041666666666664,27.758333333333336,83.83333333333333,0.0,65.79166666666667
2023-08-15,65.79166666666667,16.229166666666668,58.35833333333333,8.125,4.758333333333334,136.375,46.291666666666664,27.579166666666666,84.58333333333333,0.020833333333333332,60.833333333333336
2023-08-16,60.833333333333336,13.899999999999999,49.74583333333334,7.295833333333333,4.358333333333333,151.875,44.833333333333336,27.520833333333332,81.04166666666667,0.0,59.041666666666664
2023-08-17,59.041666666666664,13.762500000000001,34.02916666666667,5.879166666666666,3.2125,140.58333333333334,39.791666666666664,27.295833333333334,76.70833333333333,0.008333333333333333,61.041666666666664
2023-08-18,61.041666666666664,16.258333333333333,43.9125,5.75,3.108333333333333,138.54166666666666,42.75,27.370833333333334,76.04166666666667,0.0,62.625
2023-08-19,62.625,15.691666666666668,59.07916666666667,6.354166666666667,3.5124999999999997,132.25,49.208333333333336,27.1875,78.83333333333333,0.004166666666666667,62.833333333333336
2023-08-20,62.833333333333336,15.329166666666666,63.86666666666667,7.316666666666666,4.0,125.91666666666667,47.0,27.316666666666666,78.95833333333333,0.0,61.0
2023-08-21,61.0,14.479166666666666,53.237500000000004,6.466666666666666,3.6833333333333336,127.79166666666667,44.708333333333336,27.420833333333334,79.66666666666667,0.0,60.0
2023-08-22,60.0,14.620833333333332,40.80833333333333,6.366666666666667,3.5083333333333333,128.08333333333334,41.708333333333336,27.191666666666666,80.5,0.025000000000000005,61.958333333333336
2023-08-23,61.958333333333336,15.866666666666667,40.0,7.016666666666667,3.3000000000000003,142.08333333333334,38.5,26.883333333333336,81.45833333333333,0.07916666666666668,63.083333333333336
2023-08-24,63.083333333333336,16.654166666666665,42.4625,7.633333333333333,3.525,145.5,39.958333333333336,26.875,84.54166666666667,0.08333333333333333,67.04166666666667
2023-08-25,67.04166666666667,17.983333333333334,48.26666666666667,8.358333333333333,3.954166666666667,133.29166666666666,43.291666666666664,26.816666666666666,84.08333333333333,0.08750000000000001,64.75
2023-08-26,64.75,16.383333333333333,46.262499999999996,7.816666666666666,4.041666666666667,127.54166666666667,40.875,26.741666666666664,85.29166666666667,0.09999999999999999,63.541666666666664
2023-08-27,63.541666666666664,15.591666666666667,39.979166666666664,7.929166666666667,4.0375000000000005,133.83333333333334,39.833333333333336,26.974999999999998,82.79166666666667,0.041666666666666664,64.5
2023-08-28,64.5,18.820833333333333,51.01666666666667,6.925,3.545833333333333,138.66666666666666,44.791666666666664,26.879166666666666,82.875,0.04583333333333334,68.04166666666667
2023-08-29,68.04166666666667,16.445833333333333,42.47083333333333,7.954166666666667,4.083333333333333,148.375,43.208333333333336,26.945833333333336,83.66666666666667,0.02916666666666667,63.291666666666664
2023-08-30,63.291666666666664,15.725,54.520833333333336,8.695833333333333,4.8875,148.70833333333334,46.916666666666664,27.004166666666666,82.41666666666667,0.020833333333333332,62.583333333333336
2023-08-31,62.583333333333336,16.925,72.08333333333333,8.9,5.170833333333333,140.45833333333334,45.625,27.0125,81.29166666666667,0.008333333333333333,66.58333333333333
2023-09-01,66.58333333333333,17.979166666666668,78.8875,11.120833333333332,5.879166666666666,163.33333333333334,45.916666666666664,26.7375,80.75,0.0,67.125
2023-09-02,67.125,18.425,77.6125,8.770833333333334,4.95,149.95833333333334,49.458333333333336,27.21666666666667,75.875,0.0,68.79166666666667
2023-09-03,68.79166666666667,19.412499999999998,61.895833333333336,7.491666666666667,4.220833333333333,147.70833333333334,46.791666666666664,27.40833333333333,75.95833333333333,0.0375,71.45833333333333
2023-09-04,71.45833333333333,21.733333333333334,62.98333333333333,7.845833333333334,3.9125,153.08333333333334,45.541666666666664,27.608333333333334,75.70833333333333,0.004166666666666667,73.125
2023-09-05,73.125,20.545833333333334,60.74583333333334,9.441666666666666,4.779166666666667,165.0,46.5,27.666666666666668,78.41666666666667,0.020833333333333332,75.54166666666667
2023-09-06,75.54166666666667,23.483333333333334,76.97916666666667,11.866666666666667,5.966666666666666,183.875,51.75,27.77916666666667,80.04166666666667,0.0,73.25
2023-09-07,73.25,20.191666666666666,66.2625,9.383333333333335,4.5874999999999995,153.95833333333334,50.5,28.266666666666666,80.33333333333333,0.0,73.0
2023-09-08,73.0,21.320833333333333,64.8625,8.200000000000001,4.083333333333333,157.41666666666666,50.125,28.129166666666666,80.875,0.0,68.58333333333333
2023-09-09,68.58333333333333,16.108333333333334,49.362500000000004,7.7250000000000005,3.9125,154.91666666666666,46.958333333333336,28.0625,79.29166666666667,0.0,60.458333333333336
2023-09-10,60.458333333333336,14.170833333333334,32.77916666666667,7.3374999999999995,3.766666666666667,152.16666666666666,48.416666666666664,27.96666666666667,80.25,0.0,61.958333333333336
2023-09-11,61.958333333333336,16.070833333333333,37.204166666666666,6.791666666666667,3.6125000000000003,130.08333333333334,49.833333333333336,28.037499999999998,77.75,0.0,64.41666666666667
2023-09-12,64.41666666666667,16.150000000000002,35.725,6.504166666666666,3.5583333333333336,119.16666666666667,50.75,28.0,75.70833333333333,0.0,61.875
2023-09-13,61.875,16.120833333333334,35.729166666666664,7.333333333333333,3.8833333333333333,134.79166666666666,48.75,27.879166666666666,78.25,0.016666666666666666,65.25
2023-09-14,65.25,17.6375,40.987500000000004,9.049999999999999,4.883333333333334,156.625,43.125,27.820833333333336,80.75,0.004166666666666667,67.75
2023-09-15,67.75,17.349999999999998,43.262499999999996,10.666666666666666,5.879166666666666,167.33333333333334,43.666666666666664,27.858333333333334,81.45833333333333,0.0,61.875
2023-09-16,61.875,16.104166666666668,37.7875,8.408333333333333,4.829166666666667,145.20833333333334,44.25,28.520833333333332,78.875,0.012500000000000002,68.625
2023-09-17,68.625,20.604166666666668,58.71666666666667,9.4,5.141666666666667,157.95833333333334,48.875,28.97083333333333,78.54166666666667,0.0,70.58333333333333
2023-09-18,70.58333333333333,19.645833333333332,74.40416666666667,11.254166666666668,5.375,184.75,51.291666666666664,29.308333333333334,79.91666666666667,0.0,70.33333333333333
2023-09-19,70.33333333333333,22.370833333333334,72.52499999999999,15.754166666666668,6.158333333333334,249.08333333333334,55.625,29.816666666666666,77.0,0.0,79.33333333333333
2023-09-20,79.33333333333333,24.087500000000002,65.76666666666667,21.71666666666667,6.508333333333333,309.0416666666667,42.916666666666664,28.900000000000002,80.83333333333333,0.5,77.91666666666667
2023-09-21,77.91666666666667,19.904166666666665,44.425000000000004,20.599999999999998,10.154166666666667,330.3333333333333,73.04166666666667,29.508333333333336,79.45833333333333,0.14583333333333334,77.16666666666667
2023-09-22,77.16666666666667,24.575,73.58749999999999,21.629166666666666,10.054166666666667,298.5833333333333,57.166666666666664,28.275000000000002,85.33333333333333,0.0,76.83333333333333
2023-09-23,76.83333333333333,24.866666666666664,92.40416666666665,13.5375,6.283333333333334,199.66666666666666,52.333333333333336,29.0,82.95833333333333,0.0,92.75
2023-09-24,92.75,42.199999999999996,196.775,10.154166666666667,4.804166666666666,185.375,58.916666666666664,28.52916666666667,77.45833333333333,0.0,147.04166666666666
2023-09-25,147.04166666666666,70.67916666666666,294.48333333333335,13.583333333333334,5.6875,232.16666666666666,65.29166666666667,27.90833333333333,74.79166666666667,0.0,171.91666666666666
2023-09-26,171.91666666666666,61.62916666666666,229.875,29.620833333333334,11.8375,496.5416666666667,68.25,26.891666666666666,75.79166666666667,0.0,120.375
2023-09-27,120.375,37.125,139.07500000000002,20.6375,10.266666666666667,298.5416666666667,72.70833333333333,28.6375,74.45833333333333,0.0,98.33333333333333
2023-09-28,98.33333333333333,29.9375,86.16666666666667,19.066666666666666,6.95,278.0416666666667,63.333333333333336,29.633333333333336,69.91666666666667,0.0,88.16666666666667
2023-09-29,88.16666666666667,29.25,104.30416666666667,15.3125,6.133333333333333,252.83333333333334,68.29166666666667,28.849999999999998,77.75,0.0,98.79166666666667
2023-09-30,98.79166666666667,40.12083333333333,155.32083333333333,24.166666666666668,8.762500000000001,373.625,74.70833333333333,30.433333333333334,57.75,0.0,125.5
2023-10-01,125.5,41.449999999999996,130.99583333333334,24.704166666666666,13.983333333333334,441.2916666666667,96.83333333333333,29.933333333333334,44.166666666666664,0.0,93.08333333333333
2023-10-02,93.08333333333333,25.016666666666666,79.1125,22.275000000000002,7.720833333333334,336.7083333333333,74.5,28.6375,67.125,0.0,73.75
2023-10-03,73.75,19.545833333333334,56.550000000000004,16.3875,6.404166666666666,238.0,57.666666666666664,28.287499999999998,83.75,0.0,71.79166666666667
2023-10-04,71.79166666666667,21.96666666666667,60.17083333333333,14.25,6.0,220.04166666666666,62.0,28.599999999999998,80.5,0.0,75.25
2023-10-05,75.25,23.816666666666666,66.71249999999999,10.195833333333333,5.4624999999999995,205.41666666666666,73.29166666666667,28.858333333333334,76.5,0.0,81.375
2023-10-06,81.375,26.858333333333334,73.5625,8.450000000000001,4.429166666666666,194.95833333333334,70.04166666666667,28.96666666666667,73.16666666666667,0.0,83.33333333333333
2023-10-07,83.33333333333333,25.02916666666667,67.60000000000001,9.141666666666667,4.1625,194.83333333333334,65.375,28.84583333333333,74.41666666666667,0.012500000000000002,81.95833333333333
2023-10-08,81.95833333333333,28.958333333333332,110.63333333333334,9.445833333333333,4.258333333333334,187.08333333333334,61.75,29.070833333333336,77.125,0.0375,86.58333333333333
2023-10-09,86.58333333333333,26.40416666666667,99.89583333333333,8.054166666666667,3.8208333333333333,172.58333333333334,62.75,28.974999999999998,77.66666666666667,0.0,78.45833333333333
2023-10-10,78.45833333333333,21.95,83.30416666666666,9.383333333333333,4.129166666666666,185.875,59.708333333333336,28.77916666666667,77.33333333333333,0.0,70.83333333333333
2023-10-11,70.83333333333333,17.591666666666665,55.4375,13.145833333333334,5.883333333333333,225.25,56.208333333333336,28.708333333333332,78.875,0.0,66.58333333333333
2023-10-12,66.58333333333333,18.837500000000002,58.85833333333333,12.7875,6.041666666666667,221.29166666666666,55.583333333333336,28.441666666666666,77.70833333333333,0.0,70.29166666666667
2023-10-13,70.29166666666667,19.8125,61.62916666666666,13.0,5.9125000000000005,219.875,56.208333333333336,28.28333333333333,74.91666666666667,0.0,70.91666666666667
2023-10-14,70.91666666666667,20.954166666666666,58.85833333333334,11.529166666666667,4.870833333333334,196.54166666666666,55.166666666666664,28.233333333333334,72.625,0.0,78.04166666666667
2023-10-15,78.04166666666667,29.349999999999998,102.72500000000001,10.0375,4.083333333333333,181.625,54.0,28.962500000000002,71.45833333333333,0.012500000000000002,88.875
2023-10-16,88.875,25.625,71.15833333333333,9.633333333333333,3.85,181.20833333333334,58.25,27.96666666666667,75.125,0.049999999999999996,75.25
2023-10-17,75.25,21.379166666666666,60.791666666666664,12.179166666666667,4.691666666666666,213.66666666666666,60.125,27.995833333333334,75.83333333333333,0.0375,82.33333333333333
2023-10-18,82.33333333333333,33.59166666666667,68.08333333333333,32.61666666666667,12.520833333333334,511.8333333333333,65.54166666666667,28.641666666666666,67.04166666666667,0.0,115.29166666666667
2023-10-19,115.29166666666667,43.59166666666667,89.58749999999999,40.05416666666667,12.133333333333333,661.375,76.70833333333333,27.825,69.08333333333333,0.0,100.75
2023-10-20,100.75,27.920833333333334,60.49583333333334,18.925,7.358333333333333,331.625,66.58333333333333,28.2,78.04166666666667,0.0,84.45833333333333
2023-10-21,84.45833333333333,28.95,65.25416666666666,28.087500000000002,10.4125,429.3333333333333,61.583333333333336,28.52916666666667,75.125,0.0,87.5
2023-10-22,87.5,27.883333333333336,73.13333333333334,27.0125,7.5249999999999995,397.75,50.0,27.866666666666664,80.375,0.0,87.70833333333333
2023-10-23,87.70833333333333,30.420833333333334,65.45416666666667,28.84583333333333,10.158333333333333,445.4166666666667,62.75,28.0,78.70833333333333,0.0,93.20833333333333
2023-10-24,93.20833333333333,31.766666666666666,64.94166666666666,26.40833333333333,9.75,412.4166666666667,61.875,28.03333333333333,76.625,0.0,90.875
2023-10-25,90.875,29.037499999999998,61.225,25.704166666666666,7.654166666666666,437.7083333333333,57.666666666666664,28.5625,76.04166666666667,0.0,86.625
2023-10-26,86.625,28.3,58.5625,25.27916666666667,7.45,407.2083333333333,57.625,28.2,74.45833333333333,0.0,87.79166666666667
2023-10-27,87.79166666666667,30.84583333333333,59.333333333333336,19.545833333333334,5.966666666666666,324.0416666666667,63.791666666666664,28.191666666666666,77.41666666666667,0.0,91.125
2023-10-28,91.125,29.775000000000002,63.74583333333334,21.96666666666667,8.975,339.0416666666667,69.125,28.504166666666666,73.83333333333333,0.024999999999999998,91.54166666666667
2023-10-29,91.54166666666667,28.270833333333332,58.82083333333333,30.608333333333334,11.458333333333334,439.5416666666667,70.5,27.625,74.875,0.0,87.33333333333333
2023-10-30,87.33333333333333,23.329166666666666,44.61666666666667,24.683333333333334,9.166666666666666,393.75,81.45833333333333,28.400000000000002,64.08333333333333,0.0,80.16666666666667
2023-10-31,80.16666666666667,26.108333333333334,47.15416666666667,30.712500000000002,12.479166666666666,460.75,82.70833333333333,29.59583333333333,38.5,0.0,88.5
2023-11-01,88.5,32.72083333333333,57.13333333333333,35.333333333333336,13.4,565.2083333333334,84.0,29.962500000000002,30.458333333333332,0.0,117.54166666666667
2023-11-02,117.54166666666667,40.74166666666667,71.03333333333333,30.40833333333333,15.354166666666666,609.125,101.54166666666667,29.375,36.416666666666664,0.0,106.75
2023-11-03,106.75,36.44583333333333,67.06666666666666,23.354166666666668,7.104166666666667,427.1666666666667,86.33333333333333,28.933333333333334,58.375,0.0,101.75
2023-11-04,101.75,38.425000000000004,68.39999999999999,23.354166666666668,6.791666666666667,415.625,76.83333333333333,28.054166666666664,75.70833333333333,0.0,104.25
2023-11-05,104.25,33.0625,60.19583333333333,28.52916666666667,8.120833333333334,500.25,74.66666666666667,28.075,71.75,0.0,95.70833333333333
2023-11-06,95.70833333333333,37.9125,71.37916666666666,23.895833333333332,12.433333333333332,505.375,91.29166666666667,28.3125,58.291666666666664,0.0,118.16666666666667
2023-11-07,118.16666666666667,49.975,86.45,41.916666666666664,16.608333333333334,780.0833333333334,76.16666666666667,28.28333333333333,44.0,0.0,152.83333333333334
2023-11-08,152.83333333333334,61.1625,104.60833333333333,44.69583333333333,18.900000000000002,885.2916666666666,65.04166666666667,27.566666666666666,49.375,0.0,151.91666666666666
2023-11-09,151.91666666666666,56.395833333333336,98.08749999999999,26.745833333333334,13.0,616.0416666666666,101.375,27.545833333333334,61.916666666666664,0.0,121.16666666666667
2023-11-10,121.16666666666667,29.037499999999998,62.958333333333336,29.779166666666665,10.029166666666667,495.3333333333333,68.91666666666667,27.704166666666666,51.333333333333336,0.0,78.41666666666667
2023-11-11,78.41666666666667,22.150000000000002,34.94583333333333,24.266666666666666,13.208333333333334,451.2916666666667,72.0,25.974999999999998,34.958333333333336,0.0,81.83333333333333
2023-11-12,81.83333333333333,26.858333333333334,41.108333333333334,30.554166666666664,22.504166666666666,579.5416666666666,81.125,25.2375,43.5,0.0,97.25
2023-11-13,97.25,34.1,54.04583333333333,43.80416666666667,20.545833333333334,772.9166666666666,73.66666666666667,24.483333333333334,56.875,0.0,93.0
2023-11-14,93.0,27.179166666666664,41.987500000000004,32.09166666666667,16.858333333333334,570.5833333333334,66.16666666666667,25.84583333333333,42.041666666666664,0.0,84.125
2023-11-15,84.125,36.40416666666667,53.74166666666667,15.208333333333334,13.858333333333334,451.2916666666667,102.75,25.729166666666668,34.5,0.0,122.33333333333333
2023-11-16,122.33333333333333,49.020833333333336,72.93333333333334,18.004166666666666,17.154166666666665,529.9583333333334,103.20833333333333,25.34583333333333,33.083333333333336,0.0,127.625
2023-11-17,127.625,40.77916666666667,60.6,18.291666666666668,14.237499999999999,499.0416666666667,96.625,24.816666666666666,32.416666666666664,0.0,132.79166666666666
2023-11-18,132.79166666666666,75.42916666666666,114.80416666666667,29.175,17.75,733.5833333333334,94.25,24.566666666666666,31.291666666666668,0.0,175.5
2023-11-19,175.5,97.7375,150.23749999999998,25.016666666666666,17.933333333333334,738.3333333333334,96.5,24.445833333333336,35.916666666666664,0.0,180.08333333333334
2023-11-20,180.08333333333334,87.15416666666665,131.475,14.970833333333333,15.220833333333333,663.75,120.875,25.34166666666667,35.208333333333336,0.0,166.66666666666666
2023-11-21,166.66666666666666,74.0125,110.37083333333334,14.708333333333334,18.087500000000002,645.7083333333334,119.95833333333333,25.962500000000002,33.375,0.0,158.91666666666666
2023-11-22,158.91666666666666,63.800000000000004,96.88333333333333,24.21666666666667,18.520833333333332,685.7916666666666,105.66666666666667,24.129166666666666,45.083333333333336,0.0,150.29166666666666
2023-11-23,150.29166666666666,46.9375,89.44583333333333,31.05,20.679166666666667,698.5,107.45833333333333,25.96666666666667,66.20833333333333,0.0,124.0
2023-11-24,124.0,46.19583333333333,83.16666666666667,26.21666666666667,19.599999999999998,699.2083333333334,85.58333333333333,25.604166666666668,60.916666666666664,0.0,142.70833333333334
2023-11-25,142.70833333333334,55.9125,84.075,11.870833333333332,16.791666666666668,588.2083333333334,112.16666666666667,26.641666666666666,37.625,0.0,151.875
2023-11-26,151.875,55.862500000000004,85.80833333333334,15.066666666666668,11.554166666666667,449.75,99.70833333333333,22.054166666666664,59.458333333333336,0.15833333333333333,133.33333333333334
2023-11-27,133.33333333333334,52.92916666666667,80.10833333333333,19.841666666666665,16.004166666666666,596.25,86.54166666666667,20.758333333333333,65.0,0.0,149.79166666666666
2023-11-28,149.79166666666666,59.40416666666667,88.36666666666667,19.541666666666668,19.233333333333334,677.4166666666666,101.54166666666667,21.158333333333335,58.458333333333336,0.0,153.75
2023-11-29,153.75,55.0375,81.61666666666666,22.383333333333336,19.5,676.7083333333334,94.70833333333333,20.9875,55.666666666666664,0.0,140.91666666666666
2023-11-30,140.91666666666666,53.12083333333334,81.79583333333333,41.708333333333336,20.954166666666666,933.0416666666666,73.20833333333333,21.625,60.958333333333336,0.0,131.875
2023-12-01,131.875,37.016666666666666,54.449999999999996,34.55833333333333,16.766666666666666,708.4166666666666,72.08333333333333,22.708333333333332,52.458333333333336,0.0,102.70833333333333
2023-12-02,102.70833333333333,40.53333333333333,60.6875,13.4375,13.695833333333333,492.3333333333333,87.375,22.6375,49.208333333333336,0.0,117.625
2023-12-03,117.625,39.05833333333333,58.12083333333333,14.725,16.308333333333334,537.2916666666666,90.33333333333333,22.5,49.708333333333336,0.0,104.75
2023-12-04,104.75,38.875,59.025,17.9375,18.316666666666666,534.6666666666666,86.5,22.041666666666668,50.833333333333336,0.0,98.45833333333333
2023-12-05,98.45833333333333,29.666666666666668,45.8375,19.483333333333334,15.887500000000001,515.625,82.08333333333333,21.733333333333334,46.708333333333336,0.0,85.75
2023-12-06,85.75,25.491666666666664,38.391666666666666,16.691666666666666,13.370833333333332,469.9583333333333,85.0,21.554166666666664,42.541666666666664,0.0,81.0
2023-12-07,81.0,27.991666666666664,41.1,17.791666666666668,14.5625,492.875,90.16666666666667,21.616666666666664,40.291666666666664,0.0,92.29166666666667
2023-12-08,92.29166666666667,28.270833333333332,42.175000000000004,27.4875,20.295833333333334,600.2083333333334,86.58333333333333,20.854166666666668,53.666666666666664,0.0,80.125
2023-12-09,80.125,22.229166666666668,54.199999999999996,34.704166666666666,12.833333333333334,520.2083333333334,63.833333333333336,22.245833333333334,72.25,0.0,96.66666666666667
2023-12-10,96.66666666666667,39.93333333333333,70.74583333333334,40.21666666666667,32.020833333333336,777.5833333333334,79.79166666666667,20.9125,62.25,0.0,94.16666666666667
2023-12-11,94.16666666666667,22.849999999999998,46.42083333333333,33.112500000000004,11.508333333333333,516.75,57.708333333333336,21.141666666666666,77.875,0.0,83.375
2023-12-12,83.375,31.733333333333334,62.625,43.0875,23.72083333333333,638.125,68.04166666666667,21.566666666666666,70.20833333333333,0.0,99.45833333333333
2023-12-13,99.45833333333333,34.6625,59.39166666666667,21.3125,22.912499999999998,528.125,82.45833333333333,22.183333333333334,46.333333333333336,0.0,97.70833333333333
2023-12-14,97.70833333333333,35.03333333333333,63.13333333333333,28.787499999999998,22.45,643.3333333333334,80.54166666666667,21.325,47.125,0.0,96.33333333333333
2023-12-15,96.33333333333333,32.96666666666667,55.88333333333333,33.38333333333333,25.329166666666666,601.875,84.70833333333333,21.041666666666668,46.583333333333336,0.0,108.375
2023-12-16,108.375,39.550000000000004,64.60416666666667,40.699999999999996,18.379166666666666,727.5416666666666,73.04166666666667,21.2625,62.375,0.0,107.54166666666667
2023-12-17,107.54166666666667,40.391666666666666,74.42083333333333,29.474999999999998,21.258333333333333,625.25,81.95833333333333,21.391666666666666,56.583333333333336,0.0,97.75
2023-12-18,97.75,29.733333333333334,49.416666666666664,12.416666666666666,16.541666666666668,467.5,92.54166666666667,21.2,35.958333333333336,0.0,100.66666666666667
2023-12-19,100.66666666666667,34.5375,54.40416666666667,15.012500000000001,20.258333333333333,541.0,101.16666666666667,21.05,34.083333333333336,0.0,90.375
2023-12-20,90.375,27.891666666666666,43.03333333333333,18.05,19.404166666666665,499.0,95.83333333333333,20.754166666666666,32.625,0.0,82.66666666666667
2023-12-21,82.66666666666667,23.150000000000002,34.15833333333333,24.579166666666666,21.40416666666667,530.5416666666666,88.33333333333333,20.55,35.833333333333336,0.0,79.41666666666667
2023-12-22,79.41666666666667,23.875,34.75,29.575,19.099999999999998,607.7916666666666,83.33333333333333,22.02916666666667,34.25,0.0,71.95833333333333
2023-12-23,71.95833333333333,22.28333333333333,32.63333333333333,17.95,16.091666666666665,444.0416666666667,84.625,21.633333333333336,32.333333333333336,0.0,99.25
2023-12-24,99.25,45.85833333333333,66.54166666666667,11.1625,22.0625,658.0416666666666,122.45833333333333,22.733333333333334,34.5,0.0,121.20833333333333
2023-12-25,121.20833333333333,45.40416666666667,67.19166666666666,29.370833333333334,24.170833333333334,730.9583333333334,105.04166666666667,22.104166666666668,39.125,0.0,149.83333333333334
2023-12-26,149.83333333333334,52.55416666666667,78.59583333333333,32.37916666666667,22.53333333333333,929.1666666666666,101.95833333333333,19.933333333333334,58.75,0.0,115.45833333333333
2023-12-27,115.45833333333333,37.31666666666667,56.574999999999996,26.891666666666666,21.320833333333333,739.9583333333334,94.875,21.65416666666667,51.125,0.0,124.75
2023-12-28,124.75,46.791666666666664,71.42083333333333,17.333333333333332,22.770833333333332,592.4583333333334,115.5,21.59583333333333,41.791666666666664,0.0,108.125
2023-12-29,108.125,28.8875,43.65833333333333,20.400000000000002,17.079166666666666,510.9583333333333,98.70833333333333,21.454166666666666,41.666666666666664,0.0,84.04166666666667
2023-12-30,84.04166666666667,30.075,45.74166666666667,15.391666666666666,13.558333333333332,488.125,103.16666666666667,21.849999999999998,39.166666666666664,0.0,103.875
2023-12-31,103.875,40.69166666666667,62.95416666666667,15.883333333333333,19.1375,570.3333333333334,108.875,20.683333333333334,43.833333333333336,0.0,114.58333333333333
2024-01-01,114.58333333333333,38.55833333333333,57.59166666666667,17.279166666666665,22.162499999999998,679.0416666666666,111.70833333333333,20.220833333333335,49.5,0.0,107.66666666666667
2024-01-02,107.66666666666667,40.387499999999996,60.1,34.666666666666664,26.145833333333332,898.75,107.25,19.633333333333333,64.125,0.0,122.5
2024-01-03,122.5,40.725,64.1125,28.083333333333332,21.95,677.5416666666666,96.58333333333333,20.779166666666665,55.041666666666664,0.0,104.58333333333333
2024-01-04,104.58333333333333,38.766666666666666,61.87083333333334,16.5,15.966666666666667,495.8333333333333,106.29166666666667,19.9375,45.0,0.0,131.04166666666666
2024-01-05,131.04166666666666,53.9375,90.03750000000001,21.820833333333336,19.754166666666666,642.0,100.95833333333333,19.329166666666666,52.291666666666664,0.0,140.95833333333334
2024-01-06,140.95833333333334,47.5375,76.74166666666666,14.195833333333333,18.458333333333332,633.2083333333334,106.875,19.758333333333333,53.125,0.0,126.875
2024-01-07,126.875,43.479166666666664,66.77083333333333,12.950000000000001,20.591666666666665,692.125,111.20833333333333,19.170833333333334,51.708333333333336,0.0,116.875
2024-01-08,116.875,44.362500000000004,67.23333333333333,28.916666666666668,22.2625,914.125,104.375,19.208333333333332,55.083333333333336,0.0,115.16666666666667
2024-01-09,115.16666666666667,37.12083333333333,58.90833333333333,13.804166666666667,16.679166666666667,622.9583333333334,103.375,19.004166666666666,48.333333333333336,0.0,106.91666666666667
2024-01-10,106.91666666666667,37.125,56.46666666666667,18.8625,19.7,656.5,101.83333333333333,18.279166666666665,45.708333333333336,0.0,93.5
2024-01-11,93.5,33.208333333333336,50.487500000000004,36.541666666666664,22.670833333333334,842.875,74.875,17.854166666666668,50.041666666666664,0.0,104.08333333333333
2024-01-12,104.08333333333333,37.012499999999996,55.137499999999996,54.25,27.95,866.375,59.416666666666664,18.4375,49.958333333333336,0.0,113.33333333333333
2024-01-13,113.33333333333333,34.012499999999996,53.76666666666667,49.00833333333333,13.920833333333334,840.0416666666666,52.625,18.441666666666666,76.125,0.0,79.875
2024-01-14,79.875,29.633333333333336,60.12083333333334,41.170833333333334,14.5375,662.875,71.70833333333333,20.491666666666667,79.625,0.0,133.20833333333334
2024-01-15,133.20833333333334,54.84583333333333,99.8,35.49166666666667,18.8875,819.875,80.83333333333333,19.558333333333334,71.70833333333333,0.0,103.79166666666667
2024-01-16,103.79166666666667,25.308333333333334,67.37083333333334,28.729166666666668,7.266666666666667,438.4166666666667,66.41666666666667,22.21666666666667,78.16666666666667,0.0,96.16666666666667
2024-01-17,96.16666666666667,46.775,88.85000000000001,31.675,20.2375,687.2916666666666,80.16666666666667,22.108333333333334,57.958333333333336,0.0,148.91666666666666
2024-01-18,148.91666666666666,61.11666666666667,96.69583333333333,26.120833333333334,25.974999999999998,871.4166666666666,111.95833333333333,20.65,51.708333333333336,0.0,147.875
2024-01-19,147.875,54.06666666666666,86.81666666666666,46.93333333333334,30.666666666666668,1053.5416666666667,100.70833333333333,20.066666666666666,48.916666666666664,0.0,156.04166666666666
2024-01-20,156.04166666666666,55.85833333333333,93.4875,49.95416666666667,22.875,1182.25,89.0,20.45,78.04166666666667,0.020833333333333332,135.33333333333334
2024-01-21,135.33333333333334,50.72083333333333,86.91666666666667,53.50833333333333,24.516666666666666,1013.375,80.41666666666667,21.141666666666666,62.375,0.0,151.875
2024-01-22,151.875,52.3125,90.925,48.75,20.533333333333335,1023.2083333333334,79.70833333333333,20.208333333333332,66.33333333333333,0.0,110.54166666666667
2024-01-23,110.54166666666667,42.875,80.89166666666667,34.479166666666664,16.95,659.1666666666666,79.79166666666667,20.620833333333334,68.625,0.0,138.54166666666666
2024-01-24,138.54166666666666,54.44583333333333,98.58749999999999,35.00416666666667,27.28333333333333,828.9583333333334,88.70833333333333,18.787499999999998,59.916666666666664,0.0,153.95833333333334
2024-01-25,153.95833333333334,59.604166666666664,105.91666666666667,47.51666666666667,23.087500000000002,1041.5,71.5,19.158333333333335,70.04166666666667,0.0,141.20833333333334
2024-01-26,141.20833333333334,54.81666666666666,92.4375,34.8375,21.037499999999998,804.5416666666666,88.04166666666667,20.245833333333334,60.208333333333336,0.0,152.58333333333334
2024-01-27,152.58333333333334,60.229166666666664,96.16250000000001,26.6375,21.708333333333332,869.2083333333334,109.45833333333333,20.5125,50.291666666666664,0.0,151.95833333333334
2024-01-28,151.95833333333334,54.333333333333336,90.8125,21.525000000000002,19.775000000000002,823.0,100.29166666666667,19.441666666666666,65.875,0.0,113.75
2024-01-29,113.75,23.875,50.05833333333334,18.900000000000002,5.9624999999999995,357.0416666666667,75.83333333333333,22.795833333333334,75.54166666666667,0.016666666666666666,75.75
2024-01-30,75.75,24.224999999999998,74.53750000000001,24.116666666666664,7.258333333333333,375.125,63.375,22.129166666666666,80.95833333333333,0.03333333333333333,77.04166666666667
2024-01-31,77.04166666666667,22.504166666666666,61.4125,20.55,6.3,344.625,71.125,22.7625,79.58333333333333,0.012500000000000002,76.41666666666667
2024-02-01,76.41666666666667,27.925,87.56666666666666,22.695833333333336,9.950000000000001,384.0833333333333,78.29166666666667,22.8875,62.916666666666664,0.0,100.5
2024-02-02,100.5,40.766666666666666,134.66666666666666,27.666666666666668,11.325000000000001,409.9166666666667,59.791666666666664,23.212500000000002,73.25,0.0,116.25
2024-02-03,116.25,35.237500000000004,91.78750000000001,32.362500000000004,10.666666666666666,519.0,46.291666666666664,21.895833333333332,76.33333333333333,0.13333333333333333,84.75
2024-02-04,84.75,24.1125,79.15833333333333,20.283333333333335,5.2124999999999995,321.1666666666667,71.0,22.8625,79.54166666666667,0.049999999999999996,82.45833333333333
2024-02-05,82.45833333333333,26.34166666666667,48.82916666666667,27.379166666666666,11.320833333333333,481.375,79.0,21.429166666666664,77.375,0.0,82.25
2024-02-06,82.25,24.358333333333334,53.72083333333333,26.5,10.25,451.0833333333333,84.08333333333333,21.508333333333336,73.0,0.004166666666666667,83.91666666666667
2024-02-07,83.91666666666667,31.97083333333333,68.6375,21.1125,11.825000000000001,445.5416666666667,79.375,22.537499999999998,60.333333333333336,0.0,93.95833333333333
2024-02-08,93.95833333333333,28.349999999999998,52.645833333333336,24.008333333333336,13.416666666666666,482.0416666666667,89.91666666666667,20.8,44.166666666666664,0.0,87.41666666666667
2024-02-09,87.41666666666667,26.858333333333334,53.35,32.55416666666667,11.866666666666667,575.8333333333334,74.95833333333333,19.425,55.208333333333336,0.0,83.16666666666667
2024-02-10,83.16666666666667,25.3,53.35833333333333,30.270833333333332,11.033333333333333,496.7916666666667,85.04166666666667,21.325,66.5,0.0,81.91666666666667
2024-02-11,81.91666666666667,25.733333333333334,44.95416666666667,27.979166666666668,13.35,483.9583333333333,88.20833333333333,21.416666666666668,41.041666666666664,0.0,87.95833333333333
2024-02-12,87.95833333333333,32.770833333333336,50.90416666666667,36.229166666666664,16.037499999999998,624.3333333333334,84.75,21.570833333333336,38.875,0.0,101.95833333333333
2024-02-13,101.95833333333333,38.81666666666667,64.31666666666666,45.87916666666666,21.2375,752.5,69.0,21.254166666666666,45.916666666666664,0.0,117.41666666666667
2024-02-14,117.41666666666667,43.7875,73.55416666666666,50.07083333333333,20.425,938.875,68.41666666666667,21.275000000000002,49.875,0.0,128.83333333333334
2024-02-15,128.83333333333334,48.19583333333333,79.575,51.81666666666666,17.633333333333333,955.0416666666666,71.625,21.379166666666666,54.25,0.0,118.125
2024-02-16,118.125,36.862500000000004,60.19166666666666,52.72083333333333,17.279166666666665,863.2083333333334,65.125,22.233333333333334,39.625,0.0,104.375
2024-02-17,104.375,30.858333333333334,50.012499999999996,44.55833333333334,15.104166666666666,730.0,70.91666666666667,22.004166666666666,45.958333333333336,0.0,68.45833333333333
2024-02-18,68.45833333333333,15.045833333333334,27.900000000000002,13.012500000000001,5.395833333333333,289.4166666666667,86.5,23.108333333333334,74.16666666666667,0.0,64.0
2024-02-19,64.0,17.837500000000002,44.53333333333333,8.979166666666666,3.7541666666666664,254.33333333333334,95.41666666666667,24.695833333333336,75.875,0.0,71.54166666666667
2024-02-20,71.54166666666667,20.8,49.02916666666667,11.391666666666666,4.7749999999999995,258.1666666666667,99.33333333333333,23.537499999999998,75.08333333333333,0.0,74.41666666666667
2024-02-21,74.41666666666667,19.729166666666668,55.62916666666666,13.170833333333334,5.0249999999999995,289.875,105.625,23.416666666666668,69.625,0.0,68.125
2024-02-22,68.125,18.833333333333332,68.14583333333333,22.1375,8.058333333333334,372.375,84.75,23.229166666666668,40.375,0.0,92.0
2024-02-23,92.0,29.912499999999998,87.1875,36.74583333333333,14.75,636.75,86.20833333333333,20.9375,37.458333333333336,0.0,79.95833333333333
2024-02-24,79.95833333333333,19.2,64.53750000000001,17.829166666666666,10.091666666666667,338.875,98.125,22.3625,53.791666666666664,0.0,76.79166666666667
2024-02-25,76.79166666666667,23.245833333333334,53.19166666666666,26.483333333333334,13.5375,478.25,77.5,22.8125,39.958333333333336,0.0,77.16666666666667
2024-02-26,77.16666666666667,21.691666666666666,48.69166666666666,8.316666666666666,10.129166666666666,287.0833333333333,111.41666666666667,23.354166666666668,29.416666666666668,0.0,90.125
2024-02-27,90.125,34.833333333333336,69.875,8.8375,12.4375,334.625,106.66666666666667,21.4875,46.541666666666664,0.0,93.54166666666667
2024-02-28,93.54166666666667,27.3875,62.65833333333333,13.5875,13.658333333333333,386.0416666666667,110.58333333333333,23.0,41.208333333333336,0.0,88.91666666666667
2024-02-29,88.91666666666667,23.575,61.8375,16.979166666666668,13.058333333333332,401.9166666666667,106.66666666666667,24.02916666666667,42.5,0.0,81.45833333333333
2024-03-01,81.45833333333333,25.383333333333336,63.49166666666667,21.8,9.029166666666667,445.125,88.04166666666667,21.370833333333334,72.20833333333333,0.3083333333333333,74.875
2024-03-02,74.875,21.016666666666666,83.39583333333333,8.9125,6.895833333333333,240.25,81.08333333333333,17.570833333333333,50.208333333333336,0.0,83.29166666666667
2024-03-03,83.29166666666667,33.80416666666667,119.99166666666667,12.195833333333333,10.458333333333334,262.25,87.04166666666667,16.045833333333334,39.166666666666664,0.0,96.41666666666667
2024-03-04,96.41666666666667,29.391666666666666,79.825,21.758333333333336,15.629166666666668,421.375,83.75,17.4875,46.333333333333336,0.0,84.33333333333333
2024-03-05,84.33333333333333,22.325,46.4,21.358333333333334,14.366666666666667,403.8333333333333,84.41666666666667,19.962500000000002,28.875,0.0,86.83333333333333
2024-03-06,86.83333333333333,21.04583333333333,49.43333333333334,15.799999999999999,15.25,362.2083333333333,105.45833333333333,20.3875,36.75,0.0,81.45833333333333
2024-03-07,81.45833333333333,22.34583333333333,60.05833333333334,16.491666666666667,11.325000000000001,332.5833333333333,98.79166666666667,22.541666666666668,57.458333333333336,0.0,96.625
2024-03-08,96.625,28.258333333333336,56.229166666666664,24.429166666666664,16.325,487.5416666666667,97.79166666666667,22.829166666666666,48.541666666666664,0.0,100.125
2024-03-09,100.125,32.15833333333333,60.362500000000004,28.287499999999998,16.566666666666666,537.125,95.41666666666667,23.320833333333336,40.333333333333336,0.0,107.375
2024-03-10,107.375,43.98333333333333,90.8125,34.81666666666667,22.891666666666666,631.2916666666666,84.79166666666667,21.77916666666667,49.541666666666664,0.09166666666666667,96.08333333333333
2024-03-11,96.08333333333333,22.933333333333334,56.30416666666667,14.854166666666666,8.112499999999999,326.0833333333333,86.75,22.704166666666666,70.70833333333333,0.0,73.0
2024-03-12,73.0,18.375,38.69583333333333,15.820833333333333,8.345833333333333,302.5,75.5,23.104166666666668,81.79166666666667,0.0,66.54166666666667
2024-03-13,66.54166666666667,26.129166666666666,91.02083333333333,11.658333333333333,6.095833333333334,248.04166666666666,84.75,24.933333333333334,57.5,0.0,110.41666666666667
2024-03-14,110.41666666666667,42.975,130.55833333333334,19.516666666666666,13.508333333333333,358.6666666666667,91.08333333333333,23.633333333333336,29.916666666666668,0.0,98.33333333333333
2024-03-15,98.33333333333333,24.945833333333336,48.15,24.633333333333336,10.245833333333334,418.5416666666667,89.33333333333333,24.46666666666667,35.708333333333336,0.0,87.25
2024-03-16,87.25,25.854166666666668,59.887499999999996,22.395833333333332,10.004166666666666,378.5833333333333,92.375,24.958333333333332,35.833333333333336,0.0,87.41666666666667
2024-03-17,87.41666666666667,19.941666666666666,48.14166666666667,17.95,10.775,338.2083333333333,101.66666666666667,26.541666666666668,28.833333333333332,0.0,93.33333333333333
2024-03-18,93.33333333333333,22.179166666666664,49.19166666666666,20.858333333333334,12.808333333333332,390.0,106.0,26.508333333333336,36.5,0.0,71.20833333333333
2024-03-19,71.20833333333333,16.650000000000002,54.85833333333333,18.974999999999998,6.983333333333333,328.3333333333333,76.91666666666667,26.645833333333332,55.75,0.0,79.16666666666667
2024-03-20,79.16666666666667,22.90833333333333,72.42916666666666,25.683333333333334,9.316666666666666,440.7083333333333,84.79166666666667,25.837500000000002,66.41666666666667,0.0,78.0
2024-03-21,78.0,25.616666666666664,61.34166666666667,17.037499999999998,5.941666666666666,311.0416666666667,78.5,26.666666666666668,53.208333333333336,0.0,82.91666666666667
2024-03-22,82.91666666666667,23.916666666666668,56.0875,11.354166666666666,5.108333333333333,266.8333333333333,90.41666666666667,26.325,69.66666666666667,0.0,74.45833333333333
2024-03-23,74.45833333333333,22.179166666666664,71.0125,13.125,5.416666666666667,253.41666666666666,76.375,25.958333333333332,80.75,0.0,74.58333333333333
2024-03-24,74.58333333333333,20.599999999999998,58.0625,13.816666666666668,4.979166666666667,250.54166666666666,71.125,26.770833333333332,72.83333333333333,0.0,78.66666666666667
2024-03-25,78.66666666666667,20.287499999999998,56.15,18.929166666666667,7.574999999999999,334.5,84.58333333333333,27.108333333333334,67.33333333333333,0.0,66.75
2024-03-26,66.75,17.425,40.69166666666667,15.370833333333332,5.604166666666667,287.25,70.29166666666667,27.650000000000002,66.25,0.0,66.41666666666667
2024-03-27,66.41666666666667,19.3125,61.43333333333334,13.466666666666667,5.3500000000000005,259.875,75.75,26.979166666666668,72.95833333333333,0.0,71.5
2024-03-28,71.5,12.391666666666666,41.608333333333334,14.729166666666666,5.5,282.4166666666667,105.95833333333333,27.704166666666666,56.041666666666664,0.0,69.95833333333333
2024-03-29,69.95833333333333,23.916666666666668,78.925,12.916666666666666,5.979166666666667,275.0416666666667,107.04166666666667,25.291666666666668,67.54166666666667,0.0,82.45833333333333
2024-03-30,82.45833333333333,30.191666666666666,107.81666666666666,9.008333333333333,4.5,225.25,96.20833333333333,25.337500000000002,70.91666666666667,0.0,107.625
2024-03-31,107.625,46.724999999999994,159.02083333333334,16.704166666666666,9.883333333333335,325.6666666666667,105.625,27.1125,54.458333333333336,0.0,116.79166666666667
2024-04-01,116.79166666666667,31.683333333333334,96.08333333333333,18.245833333333334,8.916666666666666,334.9583333333333,93.33333333333333,25.974999999999998,61.791666666666664,0.0,82.75
2024-04-02,82.75,22.708333333333332,59.82083333333333,9.941666666666666,5.208333333333333,225.45833333333334,102.58333333333333,26.25,72.08333333333333,0.0,99.79166666666667
2024-04-03,99.79166666666667,33.295833333333334,108.53333333333335,11.7875,6.616666666666667,297.4166666666667,126.66666666666667,26.133333333333336,78.375,0.0,84.95833333333333
2024-04-04,84.95833333333333,17.504166666666666,56.4375,14.137500000000001,5.875,282.5,111.125,26.695833333333336,67.33333333333333,0.0,69.75
2024-04-05,69.75,17.483333333333334,57.00833333333333,11.870833333333332,5.529166666666666,261.25,111.625,27.275000000000002,58.125,0.0,76.08333333333333
2024-04-06,76.08333333333333,15.304166666666667,49.0,12.020833333333334,5.7625,263.4583333333333,119.20833333333333,26.733333333333334,60.25,0.0,70.83333333333333
2024-04-07,70.83333333333333,19.1375,51.15833333333333,16.925,6.5625,306.9583333333333,100.125,26.4375,75.79166666666667,0.0,75.45833333333333
2024-04-08,75.45833333333333,19.370833333333334,52.28333333333333,18.883333333333333,6.470833333333334,345.2083333333333,100.08333333333333,27.204166666666666,67.91666666666667,0.0,65.5
2024-04-09,65.5,13.904166666666667,33.4625,17.166666666666668,5.729166666666667,312.8333333333333,84.04166666666667,27.883333333333336,56.583333333333336,0.0,62.291666666666664
2024-04-10,62.291666666666664,17.083333333333332,40.62916666666667,14.920833333333334,6.129166666666666,265.75,61.208333333333336,26.59583333333333,76.04166666666667,0.0,69.04166666666667
2024-04-11,69.04166666666667,17.779166666666665,45.775,17.462500000000002,6.604166666666667,289.2083333333333,79.33333333333333,26.275000000000002,80.20833333333333,0.0,63.458333333333336
2024-04-12,63.458333333333336,13.379166666666668,35.5375,15.095833333333333,6.375,260.7916666666667,69.875,26.974999999999998,76.70833333333333,0.0,56.541666666666664
2024-04-13,56.541666666666664,14.408333333333333,45.93333333333334,13.416666666666666,5.425,225.41666666666666,61.041666666666664,27.90833333333333,77.625,0.0,66.41666666666667
2024-04-14,66.41666666666667,25.629166666666666,111.98333333333333,21.412499999999998,14.487499999999999,291.7083333333333,51.833333333333336,26.608333333333334,80.5,0.14166666666666666,88.04166666666667
2024-04-15,88.04166666666667,22.349999999999998,73.21249999999999,19.058333333333334,8.466666666666667,314.2083333333333,57.708333333333336,26.391666666666666,75.91666666666667,0.0,65.5
2024-04-16,65.5,21.683333333333334,72.05833333333334,17.058333333333334,14.820833333333333,288.125,71.125,28.09583333333333,73.0,0.0,82.95833333333333
2024-04-17,82.95833333333333,24.59583333333333,62.84166666666667,20.366666666666667,14.204166666666666,349.0416666666667,83.125,28.8625,56.541666666666664,0.0,73.04166666666667
2024-04-18,73.04166666666667,22.791666666666668,86.11666666666667,9.6625,5.3125,189.95833333333334,63.916666666666664,27.2375,78.08333333333333,0.020833333333333332,82.5
2024-04-19,82.5,25.616666666666664,57.387499999999996,6.3125,3.920833333333333,206.70833333333334,113.20833333333333,26.704166666666666,70.66666666666667,0.0,79.875
2024-04-20,79.875,21.691666666666666,48.67916666666667,8.245833333333334,4.575,231.41666666666666,111.20833333333333,27.754166666666666,66.125,0.0,76.25
2024-04-21,76.25,23.3125,54.31666666666666,9.191666666666666,4.7875000000000005,233.70833333333334,98.91666666666667,27.545833333333334,71.625,0.0,73.875
2024-04-22,73.875,20.458333333333332,57.550000000000004,8.466666666666667,4.0874999999999995,196.04166666666666,70.5,27.554166666666664,75.54166666666667,0.0,70.625
2024-04-23,70.625,19.795833333333334,56.55416666666667,9.141666666666667,4.5249999999999995,201.41666666666666,78.79166666666667,27.337500000000002,78.66666666666667,0.0,69.0
2024-04-24,69.0,19.320833333333333,51.10833333333333,10.200000000000001,5.120833333333333,216.95833333333334,72.79166666666667,27.337500000000002,78.25,0.0,68.5
2024-04-25,68.5,16.591666666666665,46.14166666666667,11.0875,4.695833333333334,216.20833333333334,67.75,27.391666666666666,79.08333333333333,0.0,62.708333333333336
2024-04-26,62.708333333333336,16.816666666666666,65.68333333333334,8.033333333333333,4.216666666666667,200.08333333333334,77.125,28.09583333333333,75.125,0.0,64.70833333333333
2024-04-27,64.70833333333333,15.9125,60.03333333333333,10.241666666666667,4.8125,219.83333333333334,75.91666666666667,27.754166666666666,76.58333333333333,0.0,63.166666666666664
2024-04-28,63.166666666666664,18.016666666666666,66.26666666666667,11.408333333333333,6.2124999999999995,225.25,77.79166666666667,28.433333333333334,74.79166666666667,0.0,76.08333333333333
2024-04-29,76.08333333333333,26.879166666666666,118.32916666666667,13.525,6.3,259.7916666666667,90.0,30.633333333333336,41.916666666666664,0.0,90.95833333333333
2024-04-30,90.95833333333333,30.208333333333332,127.33333333333333,12.129166666666668,6.566666666666666,255.66666666666666,102.29166666666667,30.75,36.625,0.0,93.5
2024-05-01,93.5,35.112500000000004,146.82500000000002,13.220833333333333,9.279166666666667,257.625,100.45833333333333,29.633333333333336,20.916666666666668,0.0,119.16666666666667
2024-05-02,119.16666666666667,38.175000000000004,114.87083333333334,17.258333333333333,11.5375,325.375,108.20833333333333,28.77916666666667,55.125,0.0,79.625
2024-05-03,79.625,17.508333333333333,52.975,11.579166666666666,5.720833333333334,231.08333333333334,62.0,29.09583333333333,70.91666666666667,0.0,74.70833333333333
2024-05-04,74.70833333333333,21.46666666666667,48.5625,8.291666666666666,4.379166666666666,207.875,79.75,29.108333333333334,69.70833333333333,0.0,69.29166666666667
2024-05-05,69.29166666666667,18.224999999999998,48.958333333333336,7.370833333333334,3.891666666666667,191.41666666666666,64.70833333333333,28.816666666666666,74.16666666666667,0.0,62.208333333333336
2024-05-06,62.208333333333336,15.112499999999999,60.6875,10.5,4.579166666666667,208.5,69.5,30.004166666666666,65.54166666666667,0.0,67.08333333333333
2024-05-07,67.08333333333333,17.716666666666665,62.0875,12.704166666666666,5.6499999999999995,237.25,76.33333333333333,30.104166666666668,67.04166666666667,0.0,57.25
2024-05-08,57.25,9.320833333333333,31.9375,11.779166666666667,5.670833333333333,205.25,61.166666666666664,29.579166666666666,77.91666666666667,0.0,50.625
2024-05-09,50.625,9.904166666666667,33.52916666666667,10.125,5.5375000000000005,194.95833333333334,55.75,29.599999999999998,79.95833333333333,0.0,53.666666666666664
2024-05-10,53.666666666666664,11.9375,41.93333333333333,10.066666666666666,6.279166666666666,210.66666666666666,58.375,29.270833333333332,78.29166666666667,0.0,60.583333333333336
2024-05-11,60.583333333333336,16.370833333333334,58.64166666666667,10.416666666666666,7.2749999999999995,206.58333333333334,68.29166666666667,29.204166666666666,76.0,0.0,65.66666666666667
2024-05-12,65.66666666666667,15.379166666666668,68.15416666666667,11.475,7.545833333333333,222.0,85.58333333333333,29.566666666666666,77.125,0.0,69.20833333333333
2024-05-13,69.20833333333333,19.258333333333333,100.325,12.799999999999999,8.191666666666666,225.91666666666666,79.875,29.233333333333334,79.375,0.0,73.91666666666667
2024-05-14,73.91666666666667,19.129166666666666,66.63333333333334,15.133333333333333,8.654166666666667,241.125,82.5,29.09583333333333,75.625,0.0,65.29166666666667
2024-05-15,65.29166666666667,13.991666666666667,38.87916666666667,11.383333333333333,5.916666666666667,197.45833333333334,75.41666666666667,30.59166666666667,67.29166666666667,0.0,60.708333333333336
2024-05-16,60.708333333333336,15.570833333333333,39.37916666666667,12.441666666666668,5.604166666666667,231.375,67.29166666666667,30.070833333333336,70.125,0.0,62.708333333333336
2024-05-17,62.708333333333336,16.529166666666665,48.387499999999996,11.8375,4.966666666666667,231.375,68.79166666666667,30.858333333333334,69.125,0.0,60.25
2024-05-18,60.25,11.0875,27.875,11.1875,4.754166666666666,219.0,66.625,31.3125,67.375,0.0,50.333333333333336
2024-05-19,50.333333333333336,8.520833333333334,25.045833333333334,10.470833333333333,5.1499999999999995,186.29166666666666,53.208333333333336,30.116666666666664,75.5,0.0,49.75
2024-05-20,49.75,10.320833333333333,37.358333333333334,8.950000000000001,4.375,186.08333333333334,60.25,30.929166666666664,75.58333333333333,0.0,54.833333333333336
2024-05-21,54.833333333333336,14.65,65.62083333333334,9.670833333333333,4.820833333333334,206.16666666666666,67.875,31.370833333333334,73.83333333333333,0.0,61.458333333333336
2024-05-22,61.458333333333336,14.9,56.175000000000004,10.229166666666666,5.133333333333334,211.29166666666666,70.83333333333333,31.570833333333336,70.75,0.0,61.625
2024-05-23,61.625,14.983333333333334,46.479166666666664,10.362499999999999,5.075,212.04166666666666,71.625,30.941666666666666,74.08333333333333,0.0,59.958333333333336
2024-05-24,59.958333333333336,13.591666666666667,36.99583333333333,10.070833333333335,5.670833333333333,188.04166666666666,75.83333333333333,30.729166666666668,76.91666666666667,0.0,62.333333333333336
2024-05-25,62.333333333333336,17.554166666666667,58.13333333333333,10.633333333333333,5.8374999999999995,188.25,79.66666666666667,30.72083333333333,79.04166666666667,0.0,66.66666666666667
2024-05-26,66.66666666666667,18.650000000000002,56.12916666666666,8.725,4.745833333333334,178.79166666666666,71.875,30.954166666666666,77.45833333333333,0.0,72.70833333333333
2024-05-27,72.70833333333333,22.087500000000002,71.29166666666667,7.295833333333333,4.05,163.83333333333334,69.41666666666667,30.962500000000002,78.125,0.0,72.25
2024-05-28,72.25,18.783333333333335,56.02916666666667,6.3125,3.466666666666667,155.41666666666666,65.41666666666667,31.224999999999998,75.25,0.0,69.08333333333333
2024-05-29,69.08333333333333,20.891666666666666,82.37916666666666,7.875,3.775,179.33333333333334,75.66666666666667,32.87083333333333,63.541666666666664,0.0,70.29166666666667
2024-05-30,70.29166666666667,18.333333333333332,64.30833333333334,9.604166666666666,5.158333333333333,189.95833333333334,76.41666666666667,32.925000000000004,67.54166666666667,0.0,69.08333333333333
2024-05-31,69.08333333333333,20.016666666666666,87.16666666666667,8.583333333333334,5.858333333333333,186.125,73.41666666666667,30.820833333333336,79.54166666666667,0.0,91.66666666666667
2024-06-01,91.66666666666667,42.78333333333333,204.33333333333334,10.254166666666666,5.408333333333334,214.25,86.45833333333333,31.95,68.375,0.0,99.75
2024-06-02,99.75,16.895833333333332,56.02916666666667,7.808333333333334,5.629166666666666,171.625,63.791666666666664,30.479166666666668,78.45833333333333,0.0,63.583333333333336
2024-06-03,63.583333333333336,15.933333333333332,78.12083333333334,7.0874999999999995,5.1125,156.54166666666666,61.5,30.041666666666668,74.41666666666667,0.0,65.79166666666667
2024-06-04,65.79166666666667,19.041666666666668,71.67083333333333,5.45,3.8041666666666667,137.375,63.5,30.045833333333334,72.0,0.0,70.29166666666667
2024-06-05,70.29166666666667,20.104166666666668,72.64583333333333,5.241666666666666,3.4791666666666665,139.125,60.416666666666664,30.1875,70.70833333333333,0.0,71.95833333333333
2024-06-06,71.95833333333333,21.629166666666666,67.03750000000001,5.7124999999999995,3.7583333333333333,142.875,59.958333333333336,30.458333333333332,74.33333333333333,0.025000000000000005,72.95833333333333
2024-06-07,72.95833333333333,19.587500000000002,71.77083333333333,6.883333333333333,4.729166666666667,164.04166666666666,61.208333333333336,30.483333333333334,73.125,0.0,67.25
2024-06-08,67.25,16.337500000000002,61.708333333333336,7.116666666666667,4.395833333333333,159.66666666666666,57.583333333333336,30.466666666666665,73.66666666666667,0.0,60.625
2024-06-09,60.625,14.049999999999999,50.6,7.479166666666667,4.55,152.625,58.625,30.383333333333336,75.20833333333333,0.0,60.625
2024-06-10,60.625,15.495833333333332,49.73333333333333,6.670833333333333,4.245833333333334,147.5,60.166666666666664,30.3875,76.20833333333333,0.0,65.0
2024-06-11,65.0,18.1875,46.87083333333334,6.1125,3.908333333333333,154.125,62.666666666666664,30.479166666666668,73.375,0.0,68.0
2024-06-12,68.0,19.275000000000002,45.05833333333334,5.645833333333333,3.7416666666666667,152.20833333333334,63.083333333333336,30.71666666666667,71.29166666666667,0.0,70.66666666666667
2024-06-13,70.66666666666667,21.4375,53.95416666666667,5.533333333333334,3.725,155.04166666666666,64.95833333333333,30.875,70.54166666666667,0.012500000000000002,74.125
2024-06-14,74.125,21.349999999999998,66.97500000000001,5.820833333333333,4.054166666666666,145.375,62.875,30.95,72.91666666666667,0.016666666666666666,72.125
2024-06-15,72.125,19.595833333333335,70.71666666666667,7.3500000000000005,5.104166666666667,158.75,62.291666666666664,31.016666666666666,74.16666666666667,0.016666666666666666,71.20833333333333
2024-06-16,71.20833333333333,20.645833333333332,70.3875,7.720833333333334,5.2375,181.54166666666666,65.33333333333333,31.041666666666668,73.75,0.004166666666666667,69.33333333333333
2024-06-17,69.33333333333333,19.933333333333334,97.54583333333333,7.454166666666667,5.1375,175.95833333333334,63.666666666666664,30.90416666666667,70.83333333333333,0.020833333333333332,68.54166666666667
2024-06-18,68.54166666666667,15.862499999999999,57.5375,5.966666666666666,4.2124999999999995,150.70833333333334,58.75,31.22083333333333,69.70833333333333,0.02916666666666667,64.91666666666667
2024-06-19,64.91666666666667,18.241666666666667,85.36666666666667,6.754166666666666,4.529166666666667,156.33333333333334,64.20833333333333,31.145833333333332,75.58333333333333,0.0,77.91666666666667
2024-06-20,77.91666666666667,30.5625,134.475,9.195833333333333,5.3625,176.91666666666666,72.70833333333333,31.066666666666666,81.29166666666667,0.0,91.29166666666667
2024-06-21,91.29166666666667,28.641666666666666,129.775,8.454166666666667,5.733333333333333,169.91666666666666,68.875,31.133333333333336,79.33333333333333,0.016666666666666666,102.75
2024-06-22,102.75,34.15416666666667,189.03333333333333,12.049999999999999,10.875,210.25,78.83333333333333,31.400000000000002,76.08333333333333,0.0,106.20833333333333
2024-06-23,106.20833333333333,26.554166666666664,139.20000000000002,11.204166666666666,6.6499999999999995,199.04166666666666,61.958333333333336,31.662499999999998,73.95833333333333,0.0,90.41666666666667
2024-06-24,90.41666666666667,27.879166666666666,127.99166666666667,11.045833333333334,6.308333333333334,194.83333333333334,63.791666666666664,32.329166666666666,71.41666666666667,0.0,83.66666666666667
2024-06-25,83.66666666666667,26.675,111.32916666666667,11.429166666666667,7.2250000000000005,190.75,72.70833333333333,31.929166666666664,74.08333333333333,0.0,83.79166666666667
2024-06-26,83.79166666666667,25.804166666666664,115.29583333333333,12.683333333333332,8.4375,204.5,77.0,31.504166666666666,74.79166666666667,0.0,82.33333333333333
2024-06-27,82.33333333333333,25.604166666666668,122.10416666666667,12.695833333333333,7.666666666666667,209.04166666666666,66.45833333333333,32.30833333333333,70.70833333333333,0.0,81.0
2024-06-28,81.0,23.583333333333332,71.53750000000001,11.645833333333334,13.104166666666666,220.75,74.66666666666667,32.525,67.875,0.36666666666666664,71.5
2024-06-29,71.5,15.7875,34.208333333333336,11.8125,13.354166666666666,221.66666666666666,71.83333333333333,32.083333333333336,71.83333333333333,0.0,62.5
2024-06-30,62.5,15.799999999999999,29.900000000000002,11.158333333333333,10.820833333333333,207.95833333333334,68.91666666666667,32.041666666666664,72.41666666666667,0.0,67.83333333333333
2024-07-01,67.83333333333333,24.333333333333332,88.0125,7.3875,5.5125,170.33333333333334,69.04166666666667,32.362500000000004,74.125,0.0,84.70833333333333
2024-07-02,84.70833333333333,27.59166666666667,98.85416666666667,7.125,5.504166666666666,164.66666666666666,67.20833333333333,32.487500000000004,70.125,0.0,79.16666666666667
2024-07-03,79.16666666666667,22.175,93.86666666666667,6.783333333333334,5.329166666666667,154.20833333333334,58.75,32.262499999999996,73.33333333333333,0.012500000000000002,74.83333333333333
2024-07-04,74.83333333333333,22.991666666666664,101.2625,6.991666666666667,5.966666666666666,153.45833333333334,58.375,31.620833333333334,72.70833333333333,0.016666666666666666,77.95833333333333
2024-07-05,77.95833333333333,24.775000000000002,103.825,6.925,5.904166666666666,147.375,61.125,31.454166666666666,70.5,0.025000000000000005,84.54166666666667
2024-07-06,84.54166666666667,30.662499999999998,113.21666666666665,6.758333333333333,5.008333333333334,150.79166666666666,74.41666666666667,31.974999999999998,68.33333333333333,0.0,96.58333333333333
2024-07-07,96.58333333333333,34.362500000000004,125.91666666666667,8.445833333333333,5.7749999999999995,174.375,77.66666666666667,32.083333333333336,75.125,0.012500000000000002,96.75
2024-07-08,96.75,40.387499999999996,172.42499999999998,12.4375,15.445833333333333,230.20833333333334,87.54166666666667,31.583333333333332,74.91666666666667,0.012500000000000002,116.91666666666667
2024-07-09,116.91666666666667,34.90416666666667,121.10833333333333,16.625,14.158333333333333,273.0416666666667,89.58333333333333,31.587500000000002,78.04166666666667,0.0375,102.375
2024-07-10,102.375,32.920833333333334,109.75833333333333,15.695833333333333,8.75,251.58333333333334,66.5,31.84166666666667,78.0,0.004166666666666667,87.83333333333333
2024-07-11,87.83333333333333,25.5,76.35416666666667,9.045833333333333,4.429166666666666,180.875,53.458333333333336,31.491666666666664,73.875,0.025000000000000005,79.54166666666667
2024-07-12,79.54166666666667,25.616666666666664,69.05833333333334,7.108333333333333,3.3333333333333335,152.25,47.541666666666664,31.03333333333333,75.0,0.05000000000000001,83.58333333333333
2024-07-13,83.58333333333333,26.962500000000002,77.86666666666666,9.308333333333334,3.8708333333333336,180.41666666666666,48.666666666666664,30.775000000000002,78.04166666666667,0.09166666666666667,80.875
2024-07-14,80.875,23.787499999999998,79.88333333333334,9.995833333333334,4.808333333333334,184.41666666666666,46.166666666666664,30.758333333333336,77.83333333333333,0.025000000000000005,87.33333333333333
2024-07-15,87.33333333333333,32.93333333333333,162.88750000000002,14.666666666666666,8.6875,235.16666666666666,64.41666666666667,31.1375,74.83333333333333,0.0,99.875
2024-07-16,99.875,31.479166666666668,135.91666666666666,16.008333333333333,8.1,242.79166666666666,68.91666666666667,31.945833333333336,74.45833333333333,0.004166666666666667,89.0
2024-07-17,89.0,29.599999999999998,110.64999999999999,14.679166666666667,9.5375,239.41666666666666,74.5,31.866666666666664,77.16666666666667,0.0,89.58333333333333
2024-07-18,89.58333333333333,29.0625,98.75416666666666,9.375,6.904166666666666,185.54166666666666,70.375,32.145833333333336,76.5,0.0,93.125
2024-07-19,93.125,33.47083333333334,95.19583333333333,10.466666666666667,6.229166666666667,216.0,77.20833333333333,31.849999999999998,71.625,0.0,96.70833333333333
2024-07-20,96.70833333333333,35.30833333333333,110.18333333333334,15.708333333333334,10.358333333333333,266.2916666666667,84.58333333333333,32.8375,70.66666666666667,0.008333333333333333,119.0
2024-07-21,119.0,36.62083333333333,80.56666666666666,18.320833333333333,17.775000000000002,347.75,108.83333333333333,33.291666666666664,69.25,0.17499999999999996,92.08333333333333
2024-07-22,92.08333333333333,24.995833333333334,65.31666666666666,10.941666666666668,6.808333333333334,232.79166666666666,73.29166666666667,31.929166666666664,77.41666666666667,0.1416666666666667,78.375
2024-07-23,78.375,25.5,85.7375,8.416666666666666,4.995833333333334,186.33333333333334,61.541666666666664,30.912499999999998,77.375,0.004166666666666667,89.45833333333333
2024-07-24,89.45833333333333,31.045833333333334,134.30833333333334,7.708333333333333,4.875,174.75,57.166666666666664,30.616666666666664,76.375,0.0,93.58333333333333
2024-07-25,93.58333333333333,34.375,152.17083333333332,8.704166666666667,5.6375,177.91666666666666,54.958333333333336,30.729166666666668,76.25,0.012500000000000002,98.625
2024-07-26,98.625,33.32083333333333,137.06666666666666,8.058333333333334,5.333333333333333,174.125,62.958333333333336,31.212500000000002,76.16666666666667,0.016666666666666666,93.79166666666667
2024-07-27,93.79166666666667,33.5625,150.65,7.766666666666667,5.370833333333334,169.54166666666666,63.833333333333336,31.258333333333336,73.875,0.0,107.58333333333333
2024-07-28,107.58333333333333,38.96666666666667,174.8166666666667,12.704166666666666,9.408333333333333,218.25,63.833333333333336,31.09583333333333,73.95833333333333,0.0,106.91666666666667
2024-07-29,106.91666666666667,34.78333333333333,164.87083333333334,14.9,15.329166666666666,237.54166666666666,62.875,30.445833333333336,76.54166666666667,0.1375,101.25
2024-07-30,101.25,30.162499999999998,95.8,16.683333333333334,9.216666666666667,260.0833333333333,59.625,29.179166666666664,84.79166666666667,0.7666666666666666,74.58333333333333
2024-07-31,74.58333333333333,17.349999999999998,35.979166666666664,16.4375,8.820833333333333,263.75,64.25,29.191666666666666,86.04166666666667,0.09583333333333334,68.45833333333333
2024-08-01,68.45833333333333,21.920833333333334,55.625,9.595833333333333,4.175,192.04166666666666,56.5,29.520833333333332,82.83333333333333,0.05833333333333333,80.08333333333333
2024-08-02,80.08333333333333,26.40833333333333,94.05416666666667,10.666666666666666,4.220833333333333,188.58333333333334,44.166666666666664,29.329166666666666,84.20833333333333,0.041666666666666664,88.33333333333333
2024-08-03,88.33333333333333,32.11666666666667,116.32916666666667,15.495833333333332,5.520833333333333,231.95833333333334,42.666666666666664,29.25,81.70833333333333,0.008333333333333333,95.125
2024-08-04,95.125,33.90833333333333,138.27083333333334,14.891666666666666,5.745833333333334,239.04166666666666,49.208333333333336,28.870833333333334,82.79166666666667,0.10416666666666667,94.25
2024-08-05,94.25,28.191666666666666,113.37083333333334,13.379166666666668,6.945833333333334,220.70833333333334,49.708333333333336,28.629166666666666,82.29166666666667,0.06666666666666667,79.25
2024-08-06,79.25,23.004166666666666,85.02916666666667,12.929166666666667,5.404166666666666,206.91666666666666,44.166666666666664,28.400000000000002,83.20833333333333,0.04583333333333334,74.5
2024-08-07,74.5,20.316666666666666,73.25833333333334,7.4624999999999995,3.829166666666666,167.45833333333334,49.75,28.870833333333334,77.66666666666667,0.016666666666666666,72.0
2024-08-08,72.0,20.079166666666666,66.60833333333333,8.541666666666666,4.4125000000000005,185.5,51.708333333333336,29.308333333333334,75.79166666666667,0.02916666666666667,70.25
2024-08-09,70.25,18.329166666666666,65.72500000000001,8.295833333333333,4.358333333333333,186.41666666666666,50.041666666666664,29.65416666666667,75.375,0.020833333333333332,64.29166666666667
2024-08-10,64.29166666666667,16.116666666666667,55.333333333333336,6.658333333333334,3.6625,154.95833333333334,47.333333333333336,29.791666666666668,74.29166666666667,0.016666666666666666,62.875
2024-08-11,62.875,15.85,52.1875,6.8625,3.470833333333333,156.25,44.416666666666664,29.083333333333332,79.0,0.04583333333333334,66.04166666666667
2024-08-12,66.04166666666667,18.837500000000002,87.15833333333335,9.1875,4.558333333333334,179.45833333333334,42.125,28.991666666666664,81.08333333333333,0.05833333333333334,66.41666666666667
2024-08-13,66.41666666666667,17.1125,87.79583333333333,10.458333333333334,5.625,194.5,44.541666666666664,29.45,80.04166666666667,0.016666666666666666,78.08333333333333
2024-08-14,78.08333333333333,18.441666666666666,117.72083333333335,8.066666666666666,4.9750000000000005,173.0,45.333333333333336,29.5,78.20833333333333,0.0,73.0
2024-08-15,73.0,19.037499999999998,82.10416666666667,7.1625000000000005,4.629166666666666,170.79166666666666,45.375,29.224999999999998,79.83333333333333,0.07916666666666668,69.66666666666667
2024-08-16,69.66666666666667,19.254166666666666,65.46666666666667,7.9125000000000005,4.641666666666667,167.79166666666666,40.583333333333336,28.75,79.875,0.04583333333333334,69.875
2024-08-17,69.875,20.783333333333335,78.07083333333334,11.083333333333334,5.5,192.45833333333334,37.625,29.025000000000002,77.20833333333333,0.004166666666666667,72.5
2024-08-18,72.5,20.179166666666667,72.47083333333333,12.2875,5.758333333333333,202.33333333333334,36.083333333333336,29.041666666666668,77.41666666666667,0.008333333333333333,69.625
2024-08-19,69.625,17.929166666666667,54.020833333333336,11.458333333333334,5.5125,213.08333333333334,42.666666666666664,28.97083333333333,76.70833333333333,0.041666666666666664,65.25
2024-08-20,65.25,16.395833333333332,43.074999999999996,8.920833333333333,4.55,193.0,43.583333333333336,29.295833333333334,74.375,0.03333333333333333,63.291666666666664
2024-08-21,63.291666666666664,16.745833333333334,44.53333333333333,7.533333333333332,4.183333333333334,176.79166666666666,47.0,29.34166666666667,74.33333333333333,0.0,67.79166666666667
2024-08-22,67.79166666666667,18.883333333333333,63.59166666666667,7.791666666666667,4.4875,178.04166666666666,50.75,30.066666666666666,70.625,0.0,67.41666666666667
2024-08-23,67.41666666666667,18.004166666666666,63.225,7.066666666666666,4.2,173.79166666666666,52.416666666666664,29.766666666666666,73.20833333333333,0.0,67.875
2024-08-24,67.875,21.133333333333333,79.80833333333334,7.304166666666667,4.341666666666667,176.79166666666666,53.458333333333336,29.46666666666667,74.41666666666667,0.0,77.125
2024-08-25,77.125,23.6875,81.96249999999999,6.6000000000000005,4.041666666666667,170.45833333333334,55.708333333333336,29.454166666666666,73.70833333333333,0.0,75.08333333333333
2024-08-26,75.08333333333333,21.233333333333334,68.47083333333333,9.945833333333335,5.1875,192.875,60.291666666666664,29.691666666666666,73.5,0.0,76.0
2024-08-27,76.0,20.791666666666668,50.62083333333334,13.975,8.254166666666666,284.625,84.70833333333333,29.02916666666667,82.04166666666667,2.1333333333333333,64.45833333333333
2024-08-28,64.45833333333333,11.629166666666668,17.604166666666668,17.325,8.85,364.9583333333333,81.125,27.554166666666664,86.75,0.9500000000000001,56.625
2024-08-29,56.625,15.520833333333334,28.0625,20.045833333333334,9.158333333333333,354.3333333333333,74.95833333333333,27.608333333333334,88.83333333333333,0.9083333333333333,61.625
2024-08-30,61.625,14.033333333333333,23.129166666666666,8.458333333333334,6.829166666666667,207.16666666666666,71.95833333333333,27.287499999999998,82.66666666666667,1.0708333333333333,58.458333333333336
2024-08-31,58.458333333333336,11.9,34.770833333333336,9.775,7.2124999999999995,182.16666666666666,42.333333333333336,26.320833333333336,86.91666666666667,0.3541666666666667,55.791666666666664
2024-09-01,55.791666666666664,14.025,41.204166666666666,14.875,10.6,260.2083333333333,34.583333333333336,27.008333333333336,88.08333333333333,0.041666666666666664,61.875
2024-09-02,61.875,15.362499999999999,48.1625,21.270833333333332,10.033333333333333,302.875,42.5,27.037499999999998,87.0,0.0,61.916666666666664
2024-09-03,61.916666666666664,16.191666666666666,62.262499999999996,20.645833333333332,8.720833333333333,284.9583333333333,46.041666666666664,27.370833333333334,86.16666666666667,0.0,67.0
2024-09-04,67.0,18.883333333333333,63.40416666666667,17.7375,6.133333333333333,241.41666666666666,34.958333333333336,27.695833333333336,83.08333333333333,0.09166666666666667,66.5
2024-09-05,66.5,16.816666666666666,40.666666666666664,10.858333333333334,4.2625,194.16666666666666,46.125,28.0125,83.54166666666667,0.008333333333333333,66.75
2024-09-06,66.75,19.058333333333334,50.875,12.533333333333333,4.6625000000000005,213.33333333333334,45.041666666666664,27.875,83.875,0.0375,68.125
2024-09-07,68.125,17.479166666666668,49.925000000000004,14.225,5.454166666666667,227.41666666666666,44.583333333333336,27.541666666666668,83.04166666666667,0.008333333333333333,63.583333333333336
2024-09-08,63.583333333333336,14.8375,48.041666666666664,14.454166666666666,5.629166666666666,229.5,47.458333333333336,27.520833333333332,84.54166666666667,0.004166666666666667,61.708333333333336
2024-09-09,61.708333333333336,17.366666666666667,66.27916666666667,12.045833333333334,4.816666666666666,200.91666666666666,51.708333333333336,27.59166666666667,82.125,0.0,71.375
2024-09-10,71.375,24.695833333333336,90.07916666666667,14.254166666666668,5.3625,234.125,53.208333333333336,27.5625,82.58333333333333,0.020833333333333332,93.45833333333333
2024-09-11,93.45833333333333,37.17916666666667,168.1875,14.575000000000001,6.758333333333333,247.45833333333334,64.95833333333333,27.566666666666666,82.54166666666667,0.008333333333333333,108.375
2024-09-12,108.375,36.32083333333333,172.32916666666665,11.391666666666666,5.291666666666667,213.125,62.666666666666664,27.929166666666664,79.29166666666667,0.0,91.375
2024-09-13,91.375,22.804166666666664,83.99583333333334,7.795833333333333,3.6999999999999997,168.33333333333334,57.083333333333336,27.9875,74.20833333333333,0.004166666666666667,77.125
2024-09-14,77.125,23.266666666666666,74.40416666666667,7.716666666666666,3.6875,169.375,59.25,28.22083333333333,71.625,0.0,74.08333333333333
2024-09-15,74.08333333333333,21.287499999999998,51.612500000000004,8.366666666666667,4.120833333333334,181.375,57.75,28.05,71.625,0.0,74.20833333333333
2024-09-16,74.20833333333333,21.425,50.7875,9.033333333333333,4.341666666666667,181.375,54.708333333333336,27.8875,75.16666666666667,0.020833333333333332,70.375
2024-09-17,70.375,17.895833333333332,51.875,9.620833333333334,4.6875,187.83333333333334,53.583333333333336,28.3125,76.66666666666667,0.0,65.08333333333333
2024-09-18,65.08333333333333,16.008333333333333,47.61666666666667,11.0875,5.6125,205.70833333333334,59.125,28.375,77.91666666666667,0.0,63.291666666666664
2024-09-19,63.291666666666664,17.054166666666667,57.03333333333333,13.987499999999999,7.295833333333333,221.41666666666666,62.083333333333336,28.22083333333333,79.625,0.0,64.75
2024-09-20,64.75,16.679166666666667,53.354166666666664,12.65,6.245833333333334,220.04166666666666,60.041666666666664,28.229166666666668,80.45833333333333,0.0,67.16666666666667
2024-09-21,67.16666666666667,20.108333333333334,62.112500000000004,9.220833333333333,5.179166666666666,197.20833333333334,59.458333333333336,28.34166666666667,75.375,0.0,73.95833333333333
2024-09-22,73.95833333333333,22.25,70.82916666666667,8.854166666666666,4.925,195.79166666666666,60.958333333333336,28.483333333333334,72.75,0.0,73.25
2024-09-23,73.25,20.4375,62.324999999999996,8.637500000000001,4.858333333333333,197.25,61.125,28.8875,72.875,0.0,70.66666666666667
2024-09-24,70.66666666666667,19.5,55.5375,8.983333333333333,5.154166666666667,192.75,60.208333333333336,29.025000000000002,73.25,0.0,69.29166666666667
2024-09-25,69.29166666666667,18.695833333333333,43.43333333333334,10.575000000000001,5.5125,192.79166666666666,56.333333333333336,28.90416666666667,74.83333333333333,0.0,68.5
2024-09-26,68.5,18.650000000000002,47.775,10.866666666666667,5.3,200.08333333333334,55.291666666666664,29.099999999999998,74.41666666666667,0.0,66.41666666666667
2024-09-27,66.41666666666667,17.954166666666666,50.3125,8.404166666666667,4.445833333333334,179.70833333333334,52.791666666666664,29.125,75.70833333333333,0.0,68.25
2024-09-28,68.25,17.8875,51.57916666666667,8.1875,4.2875000000000005,177.375,53.416666666666664,29.224999999999998,74.25,0.0,65.625
2024-09-29,65.625,17.154166666666665,64.3,9.841666666666667,5.058333333333334,182.29166666666666,53.208333333333336,28.754166666666666,74.41666666666667,0.0,62.125
2024-09-30,62.125,13.391666666666666,33.237500000000004,10.295833333333333,5.116666666666666,177.79166666666666,49.375,28.77916666666667,75.29166666666667,0.0,56.458333333333336
2024-10-01,56.458333333333336,11.529166666666667,24.541666666666668,10.458333333333334,4.691666666666666,204.0,47.375,28.933333333333334,77.16666666666667,0.0,55.25
2024-10-02,55.25,12.862499999999999,28.666666666666668,9.520833333333334,4.504166666666666,197.41666666666666,49.583333333333336,28.900000000000002,78.95833333333333,0.0,59.083333333333336
2024-10-03,59.083333333333336,13.879166666666668,32.02916666666667,7.866666666666667,3.9583333333333335,191.66666666666666,52.833333333333336,28.78333333333333,78.79166666666667,0.0,60.333333333333336
2024-10-04,60.333333333333336,15.458333333333334,35.050000000000004,7.279166666666666,3.704166666666667,180.875,51.333333333333336,28.691666666666666,79.70833333333333,0.0,62.666666666666664
2024-10-05,62.666666666666664,15.479166666666666,39.520833333333336,8.862499999999999,4.375,175.95833333333334,49.875,28.691666666666666,78.45833333333333,0.0,63.125
2024-10-06,63.125,17.179166666666667,46.93333333333334,12.579166666666666,7.020833333333333,222.5,54.041666666666664,28.425,77.79166666666667,0.0,69.25
2024-10-07,69.25,19.545833333333334,47.84583333333333,17.154166666666665,12.266666666666666,275.8333333333333,72.25,29.133333333333336,67.66666666666667,0.0,76.45833333333333
2024-10-08,76.45833333333333,22.1125,43.324999999999996,20.075,11.9,337.4166666666667,85.83333333333333,31.179166666666664,48.708333333333336,0.0,80.33333333333333
2024-10-09,80.33333333333333,26.379166666666666,47.25416666666666,19.587500000000002,7.829166666666667,343.0416666666667,79.75,31.579166666666666,49.25,0.0,85.91666666666667
2024-10-10,85.91666666666667,27.070833333333336,49.32916666666667,27.983333333333334,9.820833333333333,445.25,73.41666666666667,30.983333333333334,55.583333333333336,0.0,82.16666666666667
2024-10-11,82.16666666666667,27.5125,55.77916666666667,25.329166666666666,11.958333333333334,455.5416666666667,81.70833333333333,31.683333333333334,45.916666666666664,0.0,113.16666666666667
2024-10-12,113.16666666666667,41.22083333333333,79.75416666666666,23.308333333333334,17.712500000000002,481.8333333333333,116.75,30.55,58.458333333333336,0.0,104.70833333333333
2024-10-13,104.70833333333333,28.295833333333334,46.15,23.758333333333336,15.658333333333333,413.8333333333333,79.04166666666667,29.933333333333334,69.41666666666667,0.0,79.25
2024-10-14,79.25,24.704166666666666,38.074999999999996,19.145833333333332,16.133333333333333,370.375,86.04166666666667,30.6375,61.416666666666664,0.0,91.29166666666667
2024-10-15,91.29166666666667,26.004166666666666,40.954166666666666,17.041666666666668,14.329166666666666,352.375,110.0,31.133333333333336,56.166666666666664,0.012500000000000002,83.20833333333333
2024-10-16,83.20833333333333,21.666666666666668,35.083333333333336,14.695833333333333,8.733333333333333,315.9166666666667,100.08333333333333,30.78333333333333,64.45833333333333,0.0,71.91666666666667
2024-10-17,71.91666666666667,20.666666666666668,35.625,15.325000000000001,6.5249999999999995,305.2083333333333,74.375,29.945833333333336,73.79166666666667,0.0,78.33333333333333
2024-10-18,78.33333333333333,22.3875,35.78333333333333,22.974999999999998,13.791666666666666,409.4583333333333,77.66666666666667,29.245833333333334,75.625,0.0,89.875
2024-10-19,89.875,25.6125,41.6,20.729166666666668,11.683333333333332,384.25,92.16666666666667,30.604166666666668,59.041666666666664,0.0,86.70833333333333
2024-10-20,86.70833333333333,23.508333333333336,39.275,21.125,8.929166666666667,390.9583333333333,87.58333333333333,30.71666666666667,58.041666666666664,0.0,76.29166666666667
2024-10-21,76.29166666666667,19.183333333333334,34.449999999999996,17.266666666666666,8.475,332.3333333333333,81.91666666666667,29.5625,71.25,0.0,77.04166666666667
2024-10-22,77.04166666666667,26.337500000000002,47.824999999999996,17.0625,8.720833333333333,346.6666666666667,90.125,29.745833333333334,66.5,0.0,96.25
2024-10-23,96.25,33.65833333333333,58.82083333333333,22.708333333333332,9.799999999999999,417.7916666666667,85.66666666666667,29.325,71.625,0.008333333333333333,95.83333333333333
2024-10-24,95.83333333333333,24.650000000000002,46.012499999999996,29.191666666666666,11.237499999999999,516.9583333333334,80.875,30.054166666666664,58.583333333333336,0.0,71.20833333333333
2024-10-25,71.20833333333333,15.775,36.416666666666664,21.308333333333334,7.341666666666666,362.5,74.79166666666667,30.554166666666664,58.416666666666664,0.0,60.875
2024-10-26,60.875,16.141666666666666,47.9375,18.883333333333333,5.916666666666667,401.4166666666667,70.83333333333333,30.1125,69.79166666666667,0.0,70.04166666666667
2024-10-27,70.04166666666667,26.979166666666668,77.10833333333333,27.0,9.454166666666667,794.5833333333334,70.70833333333333,30.141666666666666,67.33333333333333,0.0,90.5
2024-10-28,90.5,30.787499999999998,77.3,20.554166666666667,6.6499999999999995,572.0833333333334,68.125,29.245833333333334,77.125,0.0,100.125
2024-10-29,100.125,41.36666666666667,119.19166666666666,17.679166666666667,5.966666666666666,579.0833333333334,71.58333333333333,28.708333333333332,81.41666666666667,0.0,117.625
2024-10-30,117.625,38.775,141.03333333333333,21.2375,6.691666666666666,494.5416666666667,68.125,28.27916666666667,82.83333333333333,0.0,104.79166666666667
2024-10-31,104.79166666666667,37.887499999999996,101.10833333333333,26.2,10.058333333333334,517.25,73.41666666666667,28.254166666666666,78.625,0.0,100.04166666666667
2024-11-01,100.04166666666667,29.7375,68.59166666666667,25.354166666666668,7.979166666666667,463.5833333333333,63.875,28.666666666666668,72.45833333333333,0.0,81.20833333333333
2024-11-02,81.20833333333333,24.25,51.800000000000004,21.275000000000002,6.25,541.3333333333334,63.5,28.195833333333336,79.66666666666667,0.0,83.95833333333333
2024-11-03,83.95833333333333,27.40833333333333,59.10833333333334,29.420833333333334,9.4125,749.5833333333334,59.541666666666664,27.4875,82.83333333333333,0.0,84.83333333333333
2024-11-04,84.83333333333333,25.795833333333334,49.8125,31.041666666666668,11.041666666666666,729.5833333333334,68.54166666666667,27.316666666666666,74.91666666666667,0.0,82.625
2024-11-05,82.625,28.03333333333333,48.729166666666664,29.354166666666668,9.345833333333333,583.1666666666666,73.08333333333333,27.34583333333333,71.83333333333333,0.0,85.33333333333333
2024-11-06,85.33333333333333,25.708333333333332,42.55833333333333,28.770833333333332,8.924999999999999,626.625,73.83333333333333,27.575,71.79166666666667,0.0,84.16666666666667
2024-11-07,84.16666666666667,27.208333333333332,48.041666666666664,22.575,6.7875000000000005,553.2916666666666,72.70833333333333,27.708333333333332,80.25,0.0,75.83333333333333
2024-11-08,75.83333333333333,19.483333333333334,39.56666666666667,20.420833333333334,7.233333333333333,776.2916666666666,68.45833333333333,28.09583333333333,77.375,0.0,72.33333333333333
2024-11-09,72.33333333333333,21.4875,43.24166666666667,24.683333333333334,7.55,642.75,65.20833333333333,27.320833333333336,77.95833333333333,0.0,72.5
2024-11-10,72.5,20.770833333333332,40.71666666666667,25.054166666666664,6.6499999999999995,570.8333333333334,57.333333333333336,27.25,77.20833333333333,0.0,75.66666666666667
2024-11-11,75.66666666666667,23.425,48.275,26.145833333333332,7.1125,806.0,55.291666666666664,27.045833333333334,77.625,0.0,80.08333333333333
2024-11-12,80.08333333333333,29.34166666666667,59.9625,34.708333333333336,12.383333333333333,938.4583333333334,49.041666666666664,27.3125,76.33333333333333,0.0,104.20833333333333
2024-11-13,104.20833333333333,41.454166666666666,56.675000000000004,42.641666666666666,25.891666666666666,803.4166666666666,56.125,27.150000000000002,67.91666666666667,0.0,107.45833333333333
2024-11-14,107.45833333333333,37.97083333333333,45.604166666666664,38.22083333333333,22.666666666666668,754.0833333333334,65.70833333333333,26.858333333333334,61.125,0.0,112.95833333333333
2024-11-15,112.95833333333333,39.92916666666667,43.39166666666667,28.991666666666664,20.866666666666667,692.0,91.79166666666667,26.858333333333334,53.291666666666664,0.0,107.33333333333333
2024-11-16,107.33333333333333,33.59166666666667,38.574999999999996,28.983333333333334,20.375,807.125,83.95833333333333,26.775000000000002,65.16666666666667,0.0,91.83333333333333
2024-11-17,91.83333333333333,30.454166666666666,40.09166666666667,31.65416666666667,19.991666666666667,917.875,69.75,26.670833333333334,68.70833333333333,0.0,99.66666666666667
2024-11-18,99.66666666666667,42.112500000000004,51.0375,42.925000000000004,22.354166666666668,972.2083333333334,62.541666666666664,27.21666666666667,54.875,0.0,124.45833333333333
2024-11-19,124.45833333333333,41.9625,48.137499999999996,40.458333333333336,21.229166666666668,929.6666666666666,63.833333333333336,26.933333333333334,53.458333333333336,0.0,98.08333333333333
2024-11-20,98.08333333333333,28.504166666666666,32.90833333333333,28.087500000000002,18.025000000000002,851.5416666666666,72.20833333333333,26.320833333333336,56.875,0.0,94.20833333333333
2024-11-21,94.20833333333333,32.6625,36.016666666666666,35.833333333333336,21.120833333333334,1046.75,59.583333333333336,25.804166666666664,66.45833333333333,0.0,83.45833333333333
2024-11-22,83.45833333333333,23.366666666666664,26.333333333333332,27.120833333333334,18.6375,973.4583333333334,75.45833333333333,26.150000000000002,65.83333333333333,0.0,74.04166666666667
2024-11-23,74.04166666666667,21.370833333333334,25.05,26.495833333333334,16.504166666666666,962.9583333333334,67.91666666666667,26.40833333333333,64.83333333333333,0.0,81.08333333333333
2024-11-24,81.08333333333333,28.870833333333334,33.80833333333333,34.47083333333333,23.545833333333334,1013.9583333333334,72.0,26.245833333333334,67.20833333333333,0.0,98.45833333333333
2024-11-25,98.45833333333333,40.729166666666664,46.525,53.52916666666667,28.445833333333336,959.2916666666666,65.875,25.8625,52.958333333333336,0.0,127.125
2024-11-26,127.125,41.99583333333333,48.62083333333334,48.99166666666667,28.454166666666666,1009.1666666666666,60.25,25.587500000000002,58.291666666666664,0.0,96.5
2024-11-27,96.5,28.46666666666667,38.0375,40.65416666666667,20.204166666666666,1102.5,53.875,26.09166666666667,71.08333333333333,0.0,98.41666666666667
2024-11-28,98.41666666666667,36.225,43.24583333333334,44.0,29.295833333333334,1461.4583333333333,52.333333333333336,25.929166666666664,75.125,0.0,87.16666666666667
2024-11-29,87.16666666666667,25.770833333333332,32.199999999999996,33.40833333333333,23.40833333333333,869.875,63.25,25.541666666666668,73.33333333333333,0.0,89.5
2024-11-30,89.5,37.375,40.737500000000004,37.74583333333333,18.629166666666666,829.125,65.29166666666667,25.933333333333334,56.0,0.0,122.875
2024-12-01,122.875,50.237500000000004,52.699999999999996,36.87083333333333,23.212500000000002,1113.7916666666667,78.75,24.833333333333332,42.333333333333336,0.0,128.04166666666666
2024-12-02,128.04166666666666,42.17916666666667,44.833333333333336,36.608333333333334,17.57916666666667,938.7916666666666,74.25,25.120833333333334,39.333333333333336,0.0,120.54166666666667
2024-12-03,120.54166666666667,43.74583333333334,47.625,15.908333333333333,15.995833333333332,613.4166666666666,94.95833333333333,25.358333333333334,43.541666666666664,0.0,126.125
2024-12-04,126.125,47.73333333333333,53.90416666666667,15.441666666666668,18.995833333333334,701.7083333333334,96.25,25.4875,42.25,0.0,134.5
2024-12-05,134.5,50.04583333333333,58.88333333333333,28.925,22.59166666666667,1093.7083333333333,72.33333333333333,24.075,49.625,0.0,124.45833333333333
2024-12-06,124.45833333333333,36.65833333333333,57.38333333333333,38.44166666666667,28.704166666666666,1179.2916666666667,62.416666666666664,23.474999999999998,56.916666666666664,0.0,87.625
2024-12-07,87.625,32.1,35.27916666666667,47.34583333333333,29.962500000000002,828.8333333333334,56.916666666666664,22.65833333333333,32.583333333333336,0.0,97.79166666666667
2024-12-08,97.79166666666667,29.204166666666666,38.975,37.920833333333334,18.566666666666666,460.8333333333333,54.333333333333336,22.325,13.833333333333334,0.0,84.70833333333333
2024-12-09,84.70833333333333,25.866666666666664,37.145833333333336,35.6625,14.391666666666666,1039.25,52.75,20.425,22.375,0.0,78.79166666666667
2024-12-10,78.79166666666667,29.6875,32.46666666666667,28.3,16.570833333333333,1030.7916666666667,65.75,20.462500000000002,26.541666666666668,0.0,100.83333333333333
2024-12-11,100.83333333333333,39.949999999999996,44.94166666666666,43.225,26.229166666666668,1033.5833333333333,60.791666666666664,20.1875,31.0,0.0,107.83333333333333
2024-12-12,107.83333333333333,28.616666666666664,32.88333333333333,33.59583333333333,15.075000000000001,643.6666666666666,61.041666666666664,19.629166666666666,29.666666666666668,0.0,70.125
2024-12-13,70.125,17.525000000000002,20.662499999999998,14.125,13.441666666666668,535.875,81.33333333333333,19.162499999999998,25.958333333333332,0.0,78.79166666666667
2024-12-14,78.79166666666667,27.733333333333334,28.916666666666668,15.8375,18.291666666666668,695.0,93.625,19.891666666666666,26.083333333333332,0.0,82.75
2024-12-15,82.75,25.416666666666668,26.129166666666666,29.008333333333336,20.875,883.75,79.70833333333333,19.395833333333332,28.5,0.0,81.04166666666667
2024-12-16,81.04166666666667,28.804166666666664,29.162499999999998,38.32083333333333,23.954166666666666,1062.3333333333333,65.0,20.304166666666667,31.166666666666668,0.0,100.83333333333333
2024-12-17,100.83333333333333,38.09166666666666,57.074999999999996,28.6375,20.412499999999998,904.0833333333334,69.54166666666667,20.1375,35.583333333333336,0.0,103.08333333333333
2024-12-18,103.08333333333333,36.87916666666667,41.65,21.420833333333334,18.966666666666665,729.75,86.25,20.833333333333332,27.708333333333332,0.0,108.70833333333333
2024-12-19,108.70833333333333,39.72083333333333,43.93333333333334,27.116666666666664,22.804166666666664,928.5,86.875,19.875,33.625,0.0,98.70833333333333
2024-12-20,98.70833333333333,29.941666666666666,33.6,20.825,19.779166666666665,777.6666666666666,80.70833333333333,19.454166666666666,32.125,0.0,99.20833333333333
2024-12-21,99.20833333333333,40.208333333333336,41.824999999999996,18.454166666666666,23.570833333333336,790.5416666666666,104.875,18.691666666666666,30.041666666666668,0.0,124.33333333333333
2024-12-22,124.33333333333333,47.19166666666666,53.6875,26.879166666666666,24.287499999999998,1076.875,86.33333333333333,18.775000000000002,42.791666666666664,0.0,134.875
2024-12-23,134.875,56.76666666666667,70.54583333333333,40.699999999999996,26.8,1171.0,66.91666666666667,19.395833333333332,55.333333333333336,0.0,155.91666666666666
2024-12-24,155.91666666666666,68.07916666666667,69.425,20.116666666666667,21.59583333333333,880.2916666666666,95.83333333333333,19.120833333333334,36.875,0.0,158.91666666666666
2024-12-25,158.91666666666666,66.79166666666667,67.75833333333334,14.9,23.212500000000002,878.3333333333334,113.83333333333333,18.7,39.916666666666664,0.0,157.20833333333334
2024-12-26,157.20833333333334,59.362500000000004,60.979166666666664,17.258333333333333,24.77916666666667,838.4583333333334,105.75,18.9375,37.791666666666664,0.0,135.08333333333334
2024-12-27,135.08333333333334,42.3125,43.775,28.004166666666666,22.27916666666667,1341.8333333333333,84.83333333333333,18.875,36.083333333333336,0.0,97.375
2024-12-28,97.375,25.412499999999998,27.349999999999998,34.4375,21.633333333333336,976.8333333333334,65.25,18.662499999999998,31.416666666666668,0.0,81.625
2024-12-29,81.625,28.266666666666666,31.458333333333332,31.945833333333336,17.283333333333335,931.5416666666666,69.125,18.995833333333334,35.125,0.0,93.79166666666667
2024-12-30,93.79166666666667,39.72083333333333,40.458333333333336,28.900000000000002,19.3,1220.125,86.08333333333333,19.6375,32.916666666666664,0.0,117.54166666666667
2024-12-31,117.54166666666667,39.079166666666666,40.02916666666667,30.84583333333333,18.658333333333335,1384.0833333333333,73.08333333333333,19.845833333333335,34.666666666666664,0.0,99.04166666666667
2025-01-01,99.04166666666667,37.52916666666667,40.68333333333333,20.754166666666666,17.966666666666665,972.75,90.91666666666667,20.4375,35.083333333333336,0.0,123.375
2025-01-02,123.375,51.3375,55.4,32.391666666666666,23.758333333333336,1431.6666666666667,89.875,19.858333333333334,45.583333333333336,0.0,151.70833333333334
2025-01-03,151.70833333333334,66.60833333333333,72.95833333333333,35.795833333333334,30.425,1241.0416666666667,98.16666666666667,19.920833333333334,55.083333333333336,0.0,158.66666666666666
2025-01-04,158.66666666666666,51.67916666666667,69.32916666666667,36.06666666666667,24.8125,776.3333333333334,65.79166666666667,20.604166666666668,54.833333333333336,0.0,105.0
2025-01-05,105.0,40.22083333333333,55.06666666666666,39.32083333333333,26.183333333333334,908.6666666666666,67.33333333333333,18.091666666666665,46.833333333333336,0.0,106.625
2025-01-06,106.625,31.079166666666666,35.25833333333333,41.30833333333333,21.633333333333336,1103.7083333333333,53.666666666666664,18.495833333333334,37.833333333333336,0.0,77.75
2025-01-07,77.75,21.925,22.954166666666666,31.349999999999998,15.595833333333333,958.9166666666666,73.95833333333333,18.849999999999998,24.416666666666668,0.0,82.75
2025-01-08,82.75,27.829166666666666,28.087500000000002,37.4375,30.141666666666666,1175.4166666666667,75.5,17.775000000000002,36.791666666666664,0.0,90.125
2025-01-09,90.125,33.829166666666666,34.52916666666667,44.02916666666667,24.170833333333334,1418.375,70.0,18.658333333333335,51.5,0.0,108.20833333333333
2025-01-10,108.20833333333333,45.6875,46.35833333333333,53.05833333333334,24.416666666666668,1071.2083333333333,63.625,19.941666666666666,38.583333333333336,0.0,130.20833333333334
2025-01-11,130.20833333333334,45.12916666666666,45.47083333333333,41.833333333333336,28.900000000000002,1102.5,74.83333333333333,19.991666666666667,43.083333333333336,0.0,122.16666666666667
2025-01-12,122.16666666666667,41.62083333333333,41.75416666666667,35.40833333333333,22.983333333333334,1100.9583333333333,87.375,19.962500000000002,34.625,0.0,133.54166666666666
2025-01-13,133.54166666666666,53.12083333333334,53.9375,13.700000000000001,16.433333333333334,893.7083333333334,104.375,18.7625,41.375,0.0,142.33333333333334
2025-01-14,142.33333333333334,55.854166666666664,57.770833333333336,30.587500000000002,19.358333333333334,951.75,85.875,18.370833333333334,52.375,0.0,148.29166666666666
2025-01-15,148.29166666666666,55.60833333333333,61.24166666666667,37.358333333333334,21.054166666666667,1064.6666666666667,74.41666666666667,19.433333333333334,52.541666666666664,0.0,154.75
2025-01-16,154.75,69.3,78.47500000000001,45.82916666666667,34.137499999999996,1367.6666666666667,80.95833333333333,18.904166666666665,54.166666666666664,0.0,143.66666666666666
2025-01-17,143.66666666666666,37.275,42.329166666666666,22.52916666666667,17.275000000000002,769.4583333333334,90.08333333333333,19.404166666666665,39.25,0.0,110.75
2025-01-18,110.75,43.68333333333334,45.75,19.833333333333332,17.95,782.7916666666666,102.0,19.8,35.083333333333336,0.0,121.33333333333333
2025-01-19,121.33333333333333,46.44583333333333,47.62916666666666,25.979166666666668,19.412499999999998,1000.9166666666666,97.125,19.858333333333334,33.583333333333336,0.0,140.29166666666666
2025-01-20,140.29166666666666,56.425000000000004,57.62916666666666,29.395833333333332,24.2375,1320.125,98.125,20.379166666666666,39.291666666666664,0.0,142.91666666666666
2025-01-21,142.91666666666666,49.11666666666667,53.025,27.354166666666668,24.329166666666666,1226.2083333333333,101.83333333333333,19.720833333333335,50.416666666666664,0.0,115.95833333333333
2025-01-22,115.95833333333333,30.96666666666667,41.12916666666667,27.65833333333333,17.6375,728.875,79.33333333333333,20.6375,60.083333333333336,0.0,99.75
2025-01-23,99.75,31.825,38.175000000000004,30.104166666666668,15.1,657.25,70.04166666666667,20.625,36.125,0.0,70.79166666666667
2025-01-24,70.79166666666667,16.204166666666666,19.645833333333332,17.0125,11.549999999999999,640.8333333333334,89.79166666666667,20.520833333333332,25.125,0.0,69.0
2025-01-25,69.0,22.575,26.008333333333336,29.991666666666664,17.345833333333335,1166.7083333333333,79.5,20.445833333333333,27.875,0.0,90.33333333333333
2025-01-26,90.33333333333333,34.09583333333333,39.075,46.458333333333336,27.608333333333334,967.8333333333334,61.0,19.625,40.416666666666664,0.0,105.875
2025-01-27,105.875,38.50833333333333,44.62083333333334,46.9625,28.03333333333333,970.5833333333334,53.833333333333336,19.866666666666667,62.916666666666664,0.0,100.41666666666667
2025-01-28,100.41666666666667,31.016666666666666,33.583333333333336,42.391666666666666,25.516666666666666,803.0,53.25,19.866666666666667,75.29166666666667,0.0,80.0
2025-01-29,80.0,22.116666666666664,40.12083333333333,24.34166666666667,12.879166666666668,543.3333333333334,68.875,21.46666666666667,80.5,0.0,83.29166666666667
2025-01-30,83.29166666666667,33.324999999999996,74.84166666666667,22.166666666666668,14.408333333333333,591.0833333333334,78.45833333333333,21.479166666666668,51.583333333333336,0.0,101.08333333333333
2025-01-31,101.08333333333333,34.170833333333334,91.175,18.3875,14.916666666666666,429.1666666666667,75.16666666666667,19.425,29.0,0.0,105.25
2025-02-01,105.25,43.708333333333336,102.58333333333333,35.99583333333333,17.708333333333332,666.75,65.5,18.845833333333335,43.916666666666664,0.0,98.125
2025-02-02,98.125,24.616666666666664,30.962500000000002,25.099999999999998,13.041666666666666,678.0416666666666,80.45833333333333,20.804166666666667,26.75,0.0,84.375
2025-02-03,84.375,27.349999999999998,35.42916666666667,15.295833333333334,17.904166666666665,648.4166666666666,105.25,20.695833333333333,33.416666666666664,0.0,79.83333333333333
2025-02-04,79.83333333333333,18.3125,34.520833333333336,16.379166666666666,11.025,481.5833333333333,93.375,20.816666666666666,49.458333333333336,0.0,69.04166666666667
2025-02-05,69.04166666666667,22.370833333333334,37.583333333333336,29.34583333333333,16.95,731.8333333333334,73.125,20.170833333333334,43.541666666666664,0.0,83.66666666666667
2025-02-06,83.66666666666667,24.441666666666666,31.71666666666667,34.00416666666667,14.679166666666667,746.4583333333334,64.25,21.125,29.166666666666668,0.0,67.16666666666667
2025-02-07,67.16666666666667,18.008333333333333,25.275000000000002,21.116666666666667,12.0375,563.375,83.58333333333333,22.808333333333334,18.333333333333332,0.0,77.25
2025-02-08,77.25,29.712500000000002,37.5375,27.27916666666667,18.379166666666666,801.9583333333334,86.41666666666667,21.97083333333333,26.958333333333332,0.0,99.41666666666667
2025-02-09,99.41666666666667,35.71666666666667,38.233333333333334,35.0,24.083333333333332,864.3333333333334,80.375,21.145833333333332,39.041666666666664,0.0,93.70833333333333
2025-02-10,93.70833333333333,26.229166666666668,28.829166666666666,23.858333333333334,16.095833333333335,551.5416666666666,87.08333333333333,21.5125,71.25,0.0,79.33333333333333
2025-02-11,79.33333333333333,29.516666666666666,79.67916666666666,18.0375,12.541666666666666,447.9166666666667,79.125,23.041666666666668,75.95833333333333,0.0,113.5
2025-02-12,113.5,50.79583333333333,114.40416666666665,34.93333333333333,22.65833333333333,853.2083333333334,70.875,23.287499999999998,58.75,0.0,146.29166666666666
2025-02-13,146.29166666666666,49.95416666666667,85.99583333333334,42.07083333333333,29.358333333333334,989.7083333333334,68.66666666666667,23.170833333333334,47.833333333333336,0.0,105.45833333333333
2025-02-14,105.45833333333333,27.462500000000002,57.6,22.55,12.700000000000001,428.8333333333333,72.875,24.0125,65.25,0.0,83.58333333333333
2025-02-15,83.58333333333333,29.412499999999998,67.01666666666667,16.983333333333334,11.008333333333333,359.7083333333333,81.625,24.754166666666666,66.875,0.0,85.79166666666667
2025-02-16,85.79166666666667,24.620833333333334,57.375,17.275000000000002,10.566666666666666,424.6666666666667,78.70833333333333,24.787499999999998,67.75,0.0,81.45833333333333
2025-02-17,81.45833333333333,27.395833333333332,50.85,28.320833333333336,17.370833333333334,774.4583333333334,83.375,25.254166666666666,60.375,0.0,88.45833333333333
2025-02-18,88.45833333333333,22.308333333333334,50.9375,24.245833333333334,12.5,603.6666666666666,67.125,25.3625,61.125,0.0,67.20833333333333
2025-02-19,67.20833333333333,18.708333333333332,49.00416666666666,13.424999999999999,9.220833333333333,343.0,79.33333333333333,25.537499999999998,61.25,0.0,79.5
2025-02-20,79.5,35.96666666666667,120.53750000000001,24.379166666666666,16.916666666666668,641.4166666666666,83.0,25.912499999999998,46.791666666666664,0.0,115.83333333333333
2025-02-21,115.83333333333333,48.15,128.275,35.71666666666667,24.166666666666668,1043.125,56.75,24.745833333333334,46.5,0.0,128.66666666666666
2025-02-22,128.66666666666666,36.55416666666667,55.10833333333333,35.125,26.195833333333336,883.4583333333334,84.58333333333333,23.733333333333334,44.125,0.0,99.58333333333333
2025-02-23,99.58333333333333,30.3,42.69166666666666,31.15833333333333,20.816666666666666,655.4583333333334,77.375,23.004166666666666,74.79166666666667,0.0,76.58333333333333
2025-02-24,76.58333333333333,22.808333333333334,47.979166666666664,34.074999999999996,24.27916666666667,627.9166666666666,58.125,23.370833333333334,79.58333333333333,0.0,85.875
2025-02-25,85.875,34.00833333333333,79.82916666666667,47.02916666666667,33.329166666666666,881.5833333333334,40.333333333333336,24.2625,65.83333333333333,0.0,88.33333333333333
2025-02-26,88.33333333333333,21.833333333333332,51.52916666666667,37.77916666666667,21.525000000000002,555.75,41.291666666666664,24.1875,69.70833333333333,0.0,67.45833333333333
2025-02-27,67.45833333333333,16.570833333333333,28.075,23.65833333333333,14.870833333333332,365.6666666666667,52.958333333333336,23.53333333333333,80.08333333333333,0.0,74.91666666666667
2025-02-28,74.91666666666667,28.020833333333332,59.40833333333333,12.950000000000001,10.55,299.5416666666667,89.79166666666667,24.28333333333333,74.41666666666667,0.0,88.41666666666667
2025-03-01,88.41666666666667,29.229166666666668,56.57916666666667,17.608333333333334,14.025,427.3333333333333,97.83333333333333,24.03333333333333,70.875,0.0,93.875
2025-03-02,93.875,27.391666666666666,43.050000000000004,22.079166666666666,16.720833333333335,608.1666666666666,92.25,22.71666666666667,69.0,0.0,79.08333333333333
2025-03-03,79.08333333333333,27.916666666666668,74.97500000000001,14.929166666666667,11.620833333333332,363.625,86.04166666666667,24.212500000000002,71.625,0.0,104.91666666666667
2025-03-04,104.91666666666667,36.358333333333334,102.96249999999999,25.941666666666666,14.058333333333332,582.5416666666666,79.125,24.270833333333332,31.208333333333332,0.0,88.375
2025-03-05,88.375,21.120833333333334,36.375,23.4875,15.237499999999999,600.0416666666666,90.5,23.120833333333334,23.166666666666668,0.0,74.33333333333333
2025-03-06,74.33333333333333,20.3625,33.46666666666667,25.054166666666664,17.1375,547.4583333333334,88.04166666666667,24.78333333333333,57.125,0.0,76.41666666666667
2025-03-07,76.41666666666667,22.666666666666668,46.30416666666667,25.474999999999998,16.229166666666668,753.875,88.70833333333333,26.133333333333336,54.833333333333336,0.0,79.125
2025-03-08,79.125,22.820833333333336,69.52083333333333,20.354166666666668,12.154166666666667,524.5,74.25,28.05,41.541666666666664,0.0,86.91666666666667
2025-03-09,86.91666666666667,27.7375,59.275,28.662499999999998,18.370833333333334,619.2916666666666,84.79166666666667,28.704166666666666,41.75,0.0,84.25
2025-03-10,84.25,25.429166666666664,45.24583333333334,34.199999999999996,17.775000000000002,697.9583333333334,60.416666666666664,28.53333333333333,42.666666666666664,0.0,80.16666666666667
2025-03-11,80.16666666666667,22.558333333333334,32.1,36.829166666666666,17.516666666666666,680.5,60.625,27.483333333333334,48.5,0.0,72.0
2025-03-12,72.0,18.25,26.891666666666666,25.204166666666666,13.645833333333334,524.0416666666666,63.291666666666664,26.891666666666666,62.375,0.0,63.166666666666664
2025-03-13,63.166666666666664,15.5875,30.537499999999998,16.537499999999998,10.516666666666667,412.25,81.95833333333333,27.829166666666666,62.541666666666664,0.0,68.125
2025-03-14,68.125,24.5625,66.83749999999999,12.870833333333332,10.200000000000001,344.6666666666667,89.33333333333333,27.579166666666666,60.958333333333336,0.0,94.25
2025-03-15,94.25,28.854166666666668,66.58749999999999,16.570833333333333,14.783333333333333,450.9583333333333,103.66666666666667,27.025000000000002,49.25,0.0,89.58333333333333
2025-03-16,89.58333333333333,26.395833333333332,64.0,20.941666666666666,14.987499999999999,509.25,99.125,26.816666666666666,43.166666666666664,0.0,90.83333333333333
2025-03-17,90.83333333333333,29.108333333333334,58.99166666666667,35.00833333333333,19.070833333333333,574.875,70.95833333333333,26.379166666666666,43.791666666666664,0.0,75.08333333333333
2025-03-18,75.08333333333333,16.533333333333335,37.199999999999996,21.308333333333334,13.770833333333334,644.0833333333334,82.45833333333333,25.47083333333333,62.416666666666664,0.0,60.958333333333336
2025-03-19,60.958333333333336,14.370833333333332,26.8,17.658333333333335,11.604166666666666,442.25,81.66666666666667,25.691666666666666,65.20833333333333,0.0,67.54166666666667
2025-03-20,67.54166666666667,15.920833333333334,28.849999999999998,17.7,13.733333333333334,445.0,85.79166666666667,26.254166666666666,69.75,0.0,71.58333333333333
2025-03-21,71.58333333333333,18.316666666666666,34.7875,18.6125,13.954166666666666,540.0,91.33333333333333,26.791666666666668,64.5,0.0,71.08333333333333
2025-03-22,71.08333333333333,20.875,42.42916666666667,19.816666666666666,12.958333333333334,501.2916666666667,90.20833333333333,26.77916666666667,64.41666666666667,0.0,70.0
2025-03-23,70.0,13.85,18.599999999999998,22.545833333333334,13.870833333333332,468.5416666666667,84.79166666666667,27.820833333333336,52.916666666666664,0.0,58.916666666666664
2025-03-24,58.916666666666664,9.916666666666666,12.154166666666667,19.766666666666666,12.0625,394.7083333333333,84.45833333333333,27.575,45.833333333333336,0.0,56.041666666666664
2025-03-25,56.041666666666664,13.979166666666666,19.575,17.2625,12.970833333333333,329.4583333333333,82.375,25.675,71.95833333333333,0.0,74.20833333333333
2025-03-26,74.20833333333333,15.883333333333333,28.179166666666664,14.945833333333333,11.604166666666666,349.8333333333333,105.04166666666667,26.037499999999998,70.0,0.0,76.125
2025-03-27,76.125,27.170833333333334,82.35833333333333,14.679166666666667,11.095833333333333,414.9583333333333,110.91666666666667,27.170833333333334,42.208333333333336,0.0,97.875
2025-03-28,97.875,27.454166666666666,93.35833333333333,22.608333333333334,16.412499999999998,549.2916666666666,108.95833333333333,26.208333333333332,23.625,0.0,98.875
2025-03-29,98.875,28.587500000000002,55.916666666666664,34.61666666666667,15.804166666666667,776.4166666666666,88.79166666666667,26.97083333333333,22.458333333333332,0.0,98.33333333333333
2025-03-30,98.33333333333333,21.579166666666666,38.6,23.03333333333333,18.866666666666667,530.7083333333334,117.54166666666667,26.516666666666666,39.875,0.0,76.79166666666667
2025-03-31,76.79166666666667,19.0,38.50833333333333,22.583333333333332,15.954166666666667,627.3333333333334,93.54166666666667,26.075,65.54166666666667,0.0,82.5
2025-04-01,82.5,25.320833333333336,62.512499999999996,27.433333333333334,18.483333333333334,588.625,89.66666666666667,27.183333333333334,62.375,0.0,92.375
2025-04-02,92.375,25.825,44.02916666666667,34.99583333333333,21.745833333333334,689.0,80.70833333333333,27.141666666666666,60.541666666666664,0.0,83.70833333333333
2025-04-03,83.70833333333333,22.545833333333334,37.3,29.1375,16.508333333333333,571.5,83.125,27.349999999999998,65.95833333333333,0.0,88.375
2025-04-04,88.375,18.879166666666666,29.087500000000002,26.40416666666667,16.266666666666666,646.0833333333334,99.375,27.983333333333334,61.208333333333336,0.0,66.875
2025-04-05,66.875,11.245833333333332,14.7125,18.0625,11.4,402.2916666666667,90.375,28.495833333333334,60.666666666666664,0.0,56.416666666666664
2025-04-06,56.416666666666664,12.245833333333332,28.695833333333336,13.516666666666666,8.983333333333333,348.625,96.0,30.28333333333333,42.166666666666664,0.0,59.5
2025-04-07,59.5,13.295833333333334,21.34583333333333,14.65,9.612499999999999,390.5,96.0,29.166666666666668,54.291666666666664,0.0,68.83333333333333
2025-04-08,68.83333333333333,22.745833333333334,37.69166666666667,20.5625,13.458333333333334,450.5833333333333,82.83333333333333,28.025000000000002,71.5,0.0,75.875
2025-04-09,75.875,21.045833333333334,41.84166666666667,21.412499999999998,13.758333333333333,449.9583333333333,74.95833333333333,27.683333333333334,76.58333333333333,0.0,67.66666666666667
2025-04-10,67.66666666666667,17.1625,35.22083333333333,15.816666666666668,12.120833333333332,308.375,80.375,27.708333333333332,77.375,0.0,70.375
2025-04-11,70.375,22.391666666666666,47.68333333333334,14.529166666666667,11.020833333333334,347.2083333333333,82.58333333333333,28.037499999999998,76.95833333333333,0.0,77.25
2025-04-12,77.25,21.641666666666666,48.38333333333333,15.112499999999999,10.75,379.5416666666667,87.83333333333333,29.46666666666667,65.54166666666667,0.0,65.58333333333333
2025-04-13,65.58333333333333,15.762500000000001,32.270833333333336,10.575000000000001,9.8125,294.4166666666667,78.58333333333333,28.625,72.70833333333333,0.0,62.458333333333336
2025-04-14,62.458333333333336,15.954166666666666,29.429166666666664,10.450000000000001,9.195833333333333,287.1666666666667,76.16666666666667,28.304166666666664,76.29166666666667,0.0,65.625
2025-04-15,65.625,17.745833333333334,37.0,10.483333333333333,9.954166666666667,279.7083333333333,76.95833333333333,28.724999999999998,77.08333333333333,0.0,67.875
2025-04-16,67.875,18.662499999999998,41.791666666666664,9.9125,9.354166666666666,281.8333333333333,75.20833333333333,29.03333333333333,71.875,0.0,64.41666666666667
2025-04-17,64.41666666666667,14.716666666666667,31.425,9.816666666666666,8.570833333333333,276.5416666666667,73.20833333333333,29.375,67.29166666666667,0.0,63.916666666666664
2025-04-18,63.916666666666664,17.254166666666666,37.516666666666666,9.375,9.674999999999999,269.9166666666667,92.91666666666667,28.804166666666664,71.375,0.0,84.70833333333333
2025-04-19,84.70833333333333,52.29583333333333,209.775,9.866666666666665,10.983333333333334,314.2083333333333,105.5,29.974999999999998,60.125,0.0,154.29166666666666
2025-04-20,154.29166666666666,51.387499999999996,183.67499999999998,14.799999999999999,11.745833333333332,454.0,99.625,31.270833333333332,40.333333333333336,0.0,127.375
2025-04-21,127.375,45.1,135.11249999999998,18.116666666666667,15.545833333333334,471.9166666666667,100.91666666666667,30.266666666666666,44.541666666666664,0.0,117.66666666666667
2025-04-22,117.66666666666667,34.65,89.41666666666667,19.945833333333333,16.170833333333334,532.8333333333334,97.08333333333333,29.349999999999998,59.291666666666664,0.0,91.79166666666667
2025-04-23,91.79166666666667,28.833333333333332,81.21249999999999,17.129166666666666,12.283333333333333,440.0416666666667,88.29166666666667,28.96666666666667,66.375,0.0,83.25
2025-04-24,83.25,20.900000000000002,44.59583333333333,14.533333333333333,11.075000000000001,383.5833333333333,96.0,29.099999999999998,69.5,0.0,74.0
2025-04-25,74.0,22.504166666666666,54.17083333333333,14.720833333333333,11.479166666666666,405.2083333333333,86.33333333333333,28.875,75.70833333333333,0.0,83.0
2025-04-26,83.0,25.849999999999998,69.31666666666666,18.104166666666668,12.700000000000001,369.7083333333333,96.16666666666667,31.1125,56.416666666666664,0.0,86.625
2025-04-27,86.625,28.212500000000002,71.2625,18.658333333333335,11.758333333333333,409.0416666666667,79.54166666666667,30.391666666666666,62.625,0.0,81.5
2025-04-28,81.5,22.233333333333334,47.9,15.362499999999999,10.283333333333333,367.8333333333333,83.0,30.974999999999998,59.791666666666664,0.0,66.54166666666667
2025-04-29,66.54166666666667,13.508333333333333,20.395833333333332,12.870833333333332,8.758333333333333,322.3333333333333,90.45833333333333,31.608333333333334,51.666666666666664,0.0,60.25
2025-04-30,60.25,14.645833333333334,24.425,11.112499999999999,8.870833333333334,294.75,82.08333333333333,31.05,56.791666666666664,0.0,61.166666666666664
2025-05-01,61.166666666666664,15.679166666666667,25.241666666666664,10.008333333333335,9.066666666666666,282.0833333333333,81.79166666666667,30.22083333333333,65.16666666666667,0.0,63.458333333333336
2025-05-02,63.458333333333336,16.495833333333334,27.354166666666668,10.395833333333334,9.570833333333333,271.1666666666667,77.54166666666667,29.97083333333333,70.66666666666667,0.0,65.5
2025-05-03,65.5,17.333333333333332,31.308333333333334,14.924999999999999,11.845833333333333,305.0833333333333,80.95833333333333,30.129166666666666,71.41666666666667,0.0,66.58333333333333
2025-05-04,66.58333333333333,18.741666666666667,30.883333333333336,14.0625,11.095833333333333,351.4583333333333,82.45833333333333,30.020833333333332,71.0,0.0,71.95833333333333
2025-05-05,71.95833333333333,25.96666666666667,69.09166666666667,17.5125,14.516666666666666,525.5,84.375,29.75,68.91666666666667,0.0,101.58333333333333
2025-05-06,101.58333333333333,36.06666666666667,93.61666666666667,25.5625,21.879166666666666,492.625,83.16666666666667,29.670833333333334,74.66666666666667,0.0,89.83333333333333
2025-05-07,89.83333333333333,21.8875,53.84166666666667,15.641666666666666,21.220833333333335,397.125,74.66666666666667,29.770833333333332,75.75,0.0,74.375
2025-05-08,74.375,21.325,47.04583333333333,18.995833333333334,17.208333333333332,313.5416666666667,53.791666666666664,29.616666666666664,75.66666666666667,0.0,79.58333333333333
2025-05-09,79.58333333333333,28.429166666666664,70.41250000000001,16.466666666666665,18.016666666666666,341.0,63.166666666666664,29.866666666666664,72.0,0.0,87.41666666666667
2025-05-10,87.41666666666667,29.583333333333332,69.45,13.6,16.879166666666666,275.8333333333333,70.54166666666667,30.05,70.16666666666667,0.0,89.58333333333333
2025-05-11,89.58333333333333,33.90833333333333,77.57083333333334,10.458333333333334,13.245833333333332,259.2916666666667,77.08333333333333,29.712500000000002,76.04166666666667,0.0,102.70833333333333
2025-05-12,102.70833333333333,30.666666666666668,75.21249999999999,9.25,12.079166666666666,240.25,86.66666666666667,29.491666666666664,76.41666666666667,0.004166666666666667,75.58333333333333
2025-05-13,75.58333333333333,19.645833333333332,37.4375,9.6875,12.200000000000001,244.75,85.41666666666667,29.566666666666666,77.0,0.0,72.45833333333333
2025-05-14,72.45833333333333,22.504166666666666,45.25833333333333,12.629166666666668,13.304166666666667,294.3333333333333,83.0,30.4875,75.66666666666667,0.0,75.95833333333333
2025-05-15,75.95833333333333,21.754166666666666,44.94166666666666,15.566666666666668,13.670833333333334,314.8333333333333,80.66666666666667,30.504166666666666,75.70833333333333,0.0,72.5
2025-05-16,72.5,19.516666666666666,37.31666666666667,14.470833333333333,12.35,289.0,72.83333333333333,30.15833333333333,79.29166666666667,0.0,68.70833333333333
2025-05-17,68.70833333333333,18.412499999999998,37.87083333333333,12.541666666666666,13.095833333333333,250.20833333333334,66.04166666666667,30.15416666666667,74.75,0.0,67.25
2025-05-18,67.25,16.883333333333333,33.737500000000004,11.8125,14.391666666666666,256.0833333333333,62.083333333333336,30.1875,73.33333333333333,0.0,64.83333333333333
2025-05-19,64.83333333333333,18.474999999999998,40.045833333333334,11.391666666666666,13.004166666666668,222.625,58.125,30.025000000000002,72.625,0.0,72.33333333333333
2025-05-20,72.33333333333333,23.045833333333334,69.88333333333334,8.483333333333333,12.091666666666667,208.41666666666666,62.625,30.400000000000002,70.875,0.0,79.5
2025-05-21,79.5,27.40833333333333,105.09583333333335,8.9125,13.270833333333334,218.95833333333334,70.20833333333333,30.229166666666668,72.66666666666667,0.0,82.66666666666667
2025-05-22,82.66666666666667,22.941666666666666,83.22500000000001,10.112499999999999,12.887500000000001,221.79166666666666,65.29166666666667,29.974999999999998,74.70833333333333,0.008333333333333333,72.16666666666667
2025-05-23,72.16666666666667,18.754166666666666,54.175000000000004,10.4625,11.433333333333332,211.66666666666666,64.83333333333333,30.233333333333334,73.95833333333333,0.0,69.29166666666667
2025-05-24,69.29166666666667,21.72083333333333,57.24583333333334,8.737499999999999,11.541666666666666,209.125,67.70833333333333,30.570833333333336,72.66666666666667,0.0,79.75
2025-05-25,79.75,27.670833333333334,68.5625,8.670833333333333,11.591666666666667,213.08333333333334,67.08333333333333,30.9375,75.0,0.0,86.75
2025-05-26,86.75,28.395833333333332,62.32083333333333,10.029166666666667,12.158333333333333,222.375,67.33333333333333,31.266666666666666,74.0,0.0,81.375
2025-05-27,81.375,22.8625,47.43333333333334,8.291666666666666,10.674999999999999,211.83333333333334,66.54166666666667,30.8125,74.625,0.0,79.20833333333333
2025-05-28,79.20833333333333,26.77916666666667,67.37916666666666,11.329166666666666,12.9125,275.0833333333333,75.5,30.854166666666668,78.5,0.0,90.04166666666667
2025-05-29,90.04166666666667,33.958333333333336,126.78750000000001,12.829166666666666,12.762500000000001,386.5,94.66666666666667,32.37083333333333,66.25,0.0,104.58333333333333
2025-05-30,104.58333333333333,38.17916666666667,149.11666666666667,9.083333333333334,7.695833333333333,256.9166666666667,97.95833333333333,32.608333333333334,58.791666666666664,0.0,101.66666666666667
2025-05-31,101.66666666666667,35.00416666666667,136.88333333333333,7.0625,8.3375,234.41666666666666,87.79166666666667,31.354166666666668,72.70833333333333,0.0,98.41666666666667
2025-06-01,98.41666666666667,36.333333333333336,141.975,9.583333333333334,9.345833333333333,289.375,83.0,31.954166666666666,64.75,0.0,110.66666666666667
2025-06-02,110.66666666666667,43.34166666666667,188.15833333333333,8.979166666666666,10.191666666666666,253.58333333333334,82.91666666666667,30.695833333333336,75.20833333333333,0.0,107.0
2025-06-03,107.0,29.6125,90.02083333333333,8.170833333333333,9.275,245.875,82.83333333333333,29.879166666666666,79.04166666666667,0.0,92.08333333333333
2025-06-04,92.08333333333333,29.2,84.20416666666667,8.666666666666666,11.15,217.625,77.0,30.125,73.875,0.004166666666666667,81.70833333333333
2025-06-05,81.70833333333333,24.416666666666668,72.89583333333333,8.991666666666667,11.854166666666666,211.5,67.16666666666667,30.287499999999998,69.625,0.0,80.45833333333333
2025-06-06,80.45833333333333,25.3875,65.8125,8.575000000000001,11.825000000000001,197.25,68.875,30.420833333333334,68.0,0.0,80.45833333333333
2025-06-07,80.45833333333333,24.308333333333334,67.27083333333333,7.904166666666666,10.4,187.375,70.29166666666667,29.958333333333332,70.625,0.0,75.5
2025-06-08,75.5,21.95,53.30416666666667,7.708333333333333,10.495833333333334,194.0,75.75,30.025000000000002,70.66666666666667,0.0,76.41666666666667
2025-06-09,76.41666666666667,22.554166666666664,50.145833333333336,8.104166666666666,10.4375,191.08333333333334,71.125,30.045833333333334,69.58333333333333,0.0,72.375
2025-06-10,72.375,20.770833333333332,48.1875,7.070833333333333,9.775,196.45833333333334,71.29166666666667,30.379166666666666,67.91666666666667,0.0,73.5
2025-06-11,73.5,21.537499999999998,48.083333333333336,7.541666666666667,10.495833333333334,199.83333333333334,70.04166666666667,30.40416666666667,71.29166666666667,0.0,71.58333333333333
2025-06-12,71.58333333333333,17.558333333333334,35.604166666666664,8.095833333333333,10.933333333333332,197.125,67.625,30.329166666666666,76.45833333333333,0.0,66.08333333333333
2025-06-13,66.08333333333333,20.1625,52.88333333333333,10.700000000000001,12.420833333333334,242.125,71.625,30.77916666666667,79.625,0.0,79.70833333333333
2025-06-14,79.70833333333333,31.058333333333334,105.69583333333333,13.820833333333333,14.579166666666666,308.8333333333333,77.125,30.420833333333334,82.33333333333333,0.0,95.79166666666667
2025-06-15,95.79166666666667,34.050000000000004,126.3625,15.8125,14.825000000000001,339.3333333333333,70.83333333333333,30.329166666666666,79.79166666666667,0.0,106.45833333333333
2025-06-16,106.45833333333333,40.545833333333334,117.09583333333335,27.645833333333332,27.733333333333334,339.5,74.91666666666667,31.879166666666666,74.16666666666667,0.09999999999999999,107.04166666666667
2025-06-17,107.04166666666667,33.025,100.62083333333334,16.291666666666668,14.987499999999999,289.4583333333333,70.875,31.90833333333333,74.54166666666667,0.0,83.54166666666667
2025-06-18,83.54166666666667,22.0,47.85833333333333,7.2749999999999995,10.433333333333334,214.45833333333334,73.20833333333333,30.575,77.33333333333333,0.008333333333333333,72.95833333333333
2025-06-19,72.95833333333333,20.3625,48.395833333333336,6.083333333333333,8.154166666666667,197.91666666666666,65.625,30.333333333333332,75.83333333333333,0.016666666666666666,70.95833333333333
2025-06-20,70.95833333333333,21.158333333333335,50.9625,7.508333333333333,8.612499999999999,224.66666666666666,63.333333333333336,30.041666666666668,81.79166666666667,0.14166666666666666,72.79166666666667
2025-06-21,72.79166666666667,20.054166666666667,43.6,8.362499999999999,9.966666666666667,226.25,61.916666666666664,30.087500000000002,82.91666666666667,0.16666666666666666,73.29166666666667
2025-06-22,73.29166666666667,23.133333333333336,57.23333333333333,10.458333333333334,11.758333333333333,245.125,64.91666666666667,29.941666666666666,81.0,0.04583333333333334,78.5
2025-06-23,78.5,26.604166666666668,64.375,11.012500000000001,13.112499999999999,241.33333333333334,66.0,30.254166666666666,79.625,0.02916666666666667,88.25
2025-06-24,88.25,30.3125,85.29583333333333,10.979166666666666,14.112499999999999,260.9166666666667,68.25,30.3125,79.29166666666667,0.016666666666666666,92.70833333333333
2025-06-25,92.70833333333333,32.25,83.03333333333333,16.304166666666667,17.129166666666666,367.2083333333333,66.16666666666667,29.995833333333334,78.58333333333333,0.0,92.83333333333333
2025-06-26,92.83333333333333,30.058333333333334,96.22500000000001,17.104166666666668,18.091666666666665,409.625,56.25,30.929166666666664,77.08333333333333,0.0,89.58333333333333
2025-06-27,89.58333333333333,34.27916666666667,71.84166666666667,26.825,20.9375,502.0416666666667,69.58333333333333,29.78333333333333,81.95833333333333,0.7125,89.125
2025-06-28,89.125,23.020833333333332,46.74583333333334,16.845833333333335,14.379166666666668,436.8333333333333,79.58333333333333,27.983333333333334,88.58333333333333,1.5083333333333335,71.33333333333333
2025-06-29,71.33333333333333,15.125,26.429166666666664,16.441666666666666,14.920833333333334,332.5416666666667,67.66666666666667,28.933333333333334,84.45833333333333,0.0625,69.45833333333333
2025-06-30,69.45833333333333,24.412499999999998,61.583333333333336,12.254166666666668,11.012500000000001,257.3333333333333,57.125,29.854166666666668,81.54166666666667,0.04583333333333334,76.66666666666667
2025-07-01,76.66666666666667,23.420833333333334,56.770833333333336,10.929166666666667,10.816666666666668,246.5,53.875,29.866666666666664,81.54166666666667,0.03333333333333333,76.08333333333333
2025-07-02,76.08333333333333,23.075,68.82083333333334,11.520833333333334,11.950000000000001,250.08333333333334,53.458333333333336,29.820833333333336,81.125,0.05000000000000001,81.16666666666667
2025-07-03,81.16666666666667,27.691666666666666,84.2375,16.370833333333334,16.462500000000002,322.25,48.791666666666664,29.962500000000002,80.375,0.016666666666666666,85.79166666666667
2025-07-04,85.79166666666667,29.058333333333334,84.57916666666667,16.554166666666667,15.9,286.5416666666667,50.625,30.412499999999998,78.41666666666667,0.008333333333333333,92.95833333333333
2025-07-05,92.95833333333333,33.27916666666667,93.98333333333333,11.195833333333333,12.741666666666667,242.29166666666666,68.16666666666667,30.958333333333332,75.625,0.020833333333333332,90.0
2025-07-06,90.0,27.9875,77.71249999999999,11.658333333333333,12.558333333333332,228.54166666666666,69.58333333333333,30.587500000000002,76.25,0.03333333333333333,92.125
2025-07-07,92.125,33.829166666666666,92.66666666666667,19.412499999999998,19.599999999999998,313.7916666666667,60.5,30.429166666666664,76.375,0.0,96.04166666666667
2025-07-08,96.04166666666667,34.800000000000004,100.04583333333333,16.554166666666667,17.958333333333332,312.8333333333333,70.5,30.724999999999998,74.45833333333333,0.008333333333333333,97.91666666666667
2025-07-09,97.91666666666667,32.604166666666664,91.84583333333335,15.475,15.379166666666665,265.25,58.5,30.504166666666666,77.58333333333333,0.025000000000000005,93.33333333333333
2025-07-10,93.33333333333333,32.37916666666667,99.40416666666665,16.195833333333333,14.887500000000001,270.4166666666667,53.833333333333336,30.245833333333334,76.875,0.020833333333333332,92.58333333333333
2025-07-11,92.58333333333333,27.9875,76.96666666666667,15.391666666666666,15.208333333333334,259.0416666666667,52.5,30.412499999999998,75.79166666666667,0.008333333333333333,82.625
2025-07-12,82.625,25.47083333333333,73.87083333333334,12.762500000000001,12.85,233.08333333333334,55.458333333333336,30.183333333333334,74.33333333333333,0.004166666666666667,79.16666666666667
2025-07-13,79.16666666666667,24.620833333333334,79.7625,9.770833333333334,11.295833333333334,223.625,60.5,29.9375,74.95833333333333,0.025000000000000005,80.125
2025-07-14,80.125,25.212500000000002,85.36666666666667,9.0375,11.220833333333333,220.0,64.66666666666667,29.879166666666666,77.70833333333333,0.02916666666666667,83.91666666666667
2025-07-15,83.91666666666667,29.287499999999998,82.0625,11.591666666666667,13.304166666666667,234.16666666666666,59.916666666666664,29.900000000000002,74.16666666666667,0.0,88.0
2025-07-16,88.0,27.858333333333334,74.47083333333333,11.620833333333332,12.483333333333334,242.875,56.375,29.866666666666664,73.0,0.004166666666666667,87.5
2025-07-17,87.5,28.15833333333333,76.37916666666666,11.320833333333333,13.8375,254.875,54.916666666666664,29.704166666666666,76.0,0.04583333333333334,83.0
2025-07-18,83.0,26.008333333333336,68.875,10.5625,14.491666666666667,248.54166666666666,56.125,30.391666666666666,69.25,0.0,80.75
2025-07-19,80.75,25.041666666666668,66.14583333333333,8.566666666666666,12.645833333333334,206.91666666666666,56.833333333333336,30.21666666666667,73.375,0.020833333333333332,80.66666666666667
2025-07-20,80.66666666666667,25.316666666666666,65.22500000000001,10.904166666666667,13.908333333333333,250.625,50.916666666666664,29.745833333333334,76.04166666666667,0.0,82.375
2025-07-21,82.375,28.558333333333334,67.70833333333333,13.316666666666668,14.475,264.4166666666667,54.333333333333336,30.0125,76.41666666666667,0.075,87.66666666666667
2025-07-22,87.66666666666667,27.454166666666666,66.30416666666666,10.641666666666667,11.883333333333333,232.04166666666666,56.5,30.191666666666666,74.66666666666667,0.016666666666666666,81.375
2025-07-23,81.375,23.741666666666664,60.1625,8.137500000000001,8.920833333333333,221.70833333333334,57.708333333333336,29.429166666666664,77.625,0.075,78.41666666666667
2025-07-24,78.41666666666667,25.8875,63.44583333333333,9.0875,10.7125,246.29166666666666,60.666666666666664,29.675,76.75,0.075,81.33333333333333
2025-07-25,81.33333333333333,24.270833333333332,65.19166666666666,10.270833333333334,11.829166666666666,249.625,60.375,29.72083333333333,76.83333333333333,0.025000000000000005,80.125
2025-07-26,80.125,26.391666666666666,72.40416666666667,9.4625,11.404166666666667,233.20833333333334,64.0,29.712500000000002,75.58333333333333,0.041666666666666664,84.45833333333333
2025-07-27,84.45833333333333,26.162499999999998,67.94583333333334,9.295833333333333,11.329166666666666,222.95833333333334,63.25,29.40416666666667,75.41666666666667,0.025000000000000005,78.25
2025-07-28,78.25,22.391666666666666,68.54583333333333,7.966666666666666,9.741666666666667,218.33333333333334,61.0,29.3625,75.0,0.008333333333333333,73.20833333333333
2025-07-29,73.20833333333333,20.337500000000002,53.97083333333333,7.175,8.362499999999999,202.20833333333334,59.375,29.25,76.33333333333333,0.012500000000000002,74.20833333333333
2025-07-30,74.20833333333333,24.4875,65.79166666666667,8.391666666666667,9.8375,222.75,59.166666666666664,28.9375,79.25,0.0625,82.41666666666667
2025-07-31,82.41666666666667,26.920833333333334,74.75416666666666,11.120833333333332,12.0625,252.25,56.25,28.808333333333334,80.08333333333333,0.05000000000000001,79.79166666666667
2025-08-01,79.79166666666667,23.212500000000002,59.18333333333334,11.012500000000001,11.120833333333332,244.04166666666666,52.958333333333336,28.429166666666664,79.91666666666667,0.08750000000000001,76.25
2025-08-02,76.25,21.645833333333332,62.00416666666667,11.820833333333333,10.674999999999999,230.83333333333334,50.666666666666664,28.087500000000002,81.25,0.08750000000000001,72.91666666666667
2025-08-03,72.91666666666667,20.679166666666667,60.43333333333334,9.700000000000001,10.933333333333332,233.45833333333334,57.5,28.3125,80.20833333333333,0.05416666666666667,69.04166666666667
2025-08-04,69.04166666666667,18.120833333333334,49.76666666666667,10.079166666666667,10.35,218.04166666666666,55.333333333333336,28.34166666666667,79.5,0.0625,67.75
2025-08-05,67.75,19.229166666666668,47.26666666666667,9.683333333333334,9.233333333333333,223.375,53.041666666666664,28.041666666666668,80.0,0.08333333333333333,70.875
2025-08-06,70.875,20.9375,50.0625,9.4,9.970833333333333,246.95833333333334,53.5,28.0,79.625,0.07916666666666668,73.58333333333333
2025-08-07,73.58333333333333,21.566666666666666,50.68333333333334,10.825000000000001,11.083333333333334,251.0,52.708333333333336,28.066666666666666,80.375,0.09166666666666667,71.70833333333333
2025-08-08,71.70833333333333,18.650000000000002,42.59166666666667,8.7125,9.754166666666666,223.04166666666666,53.666666666666664,28.270833333333332,76.75,0.0375,65.91666666666667
2025-08-09,65.91666666666667,17.291666666666668,39.275,8.820833333333333,10.091666666666667,212.125,50.25,28.208333333333332,78.33333333333333,0.07916666666666668,67.29166666666667
2025-08-10,67.29166666666667,19.412499999999998,43.3125,8.879166666666666,10.341666666666667,214.25,50.208333333333336,28.0125,79.04166666666667,0.07083333333333333,70.0
2025-08-11,70.0,19.3875,46.84166666666667,8.9125,9.237499999999999,223.33333333333334,45.708333333333336,27.695833333333336,80.0,0.06666666666666667,68.45833333333333
2025-08-12,68.45833333333333,18.741666666666667,39.62083333333333,8.512500000000001,8.941666666666666,223.95833333333334,46.375,28.008333333333336,77.04166666666667,0.075,71.95833333333333
2025-08-13,71.95833333333333,21.433333333333334,46.5875,11.166666666666666,11.808333333333332,265.4166666666667,47.791666666666664,28.087500000000002,80.58333333333333,0.05000000000000001,73.83333333333333
2025-08-14,73.83333333333333,21.78333333333333,50.8375,17.958333333333332,16.391666666666666,396.2083333333333,41.166666666666664,28.491666666666664,82.0,0.004166666666666667,78.70833333333333
2025-08-15,78.70833333333333,27.40416666666667,69.17083333333333,20.954166666666666,20.900000000000002,471.875,53.25,29.354166666666668,77.25,0.012500000000000002,85.58333333333333
2025-08-16,85.58333333333333,27.879166666666666,64.25833333333334,21.208333333333332,21.791666666666668,323.1666666666667,61.458333333333336,29.495833333333334,77.95833333333333,0.0,80.875
2025-08-17,80.875,23.041666666666668,46.9,17.591666666666665,18.483333333333334,329.4166666666667,62.25,30.037499999999998,75.875,0.0,82.875
2025-08-18,82.875,25.504166666666666,40.166666666666664,21.620833333333334,19.537499999999998,470.4583333333333,72.0,30.5625,78.125,0.30833333333333335,82.08333333333333
2025-08-19,82.08333333333333,28.008333333333336,45.56666666666666,26.825,18.354166666666668,416.625,64.29166666666667,28.683333333333334,85.95833333333333,0.9291666666666667,91.125
2025-08-20,91.125,29.1125,35.725,23.25,13.683333333333332,1137.5833333333333,86.91666666666667,28.704166666666666,87.45833333333333,1.1166666666666667,88.625
2025-08-21,88.625,25.754166666666666,31.395833333333332,33.170833333333334,19.0,1403.3333333333333,54.125,28.120833333333334,89.83333333333333,1.675,82.54166666666667
2025-08-22,82.54166666666667,24.766666666666666,32.24583333333333,26.224999999999998,17.6125,359.25,67.45833333333333,28.09583333333333,87.70833333333333,0.05833333333333333,76.54166666666667
2025-08-23,76.54166666666667,25.2625,50.76666666666667,10.4,9.512500000000001,254.25,57.958333333333336,28.25,85.125,0.06666666666666667,77.41666666666667
2025-08-24,77.41666666666667,22.133333333333336,55.6625,10.825000000000001,9.708333333333334,250.45833333333334,52.375,28.191666666666666,86.75,0.08750000000000001,74.33333333333333
2025-08-25,74.33333333333333,22.370833333333334,65.05416666666666,13.983333333333334,12.879166666666668,297.4583333333333,47.708333333333336,28.204166666666666,86.91666666666667,0.02916666666666667,78.625
2025-08-26,78.625,26.599999999999998,85.5,16.224999999999998,13.700000000000001,334.2916666666667,44.875,28.087500000000002,85.20833333333333,0.004166666666666667,85.54166666666667
2025-08-27,85.54166666666667,27.650000000000002,73.57916666666667,15.629166666666668,13.429166666666667,306.4166666666667,48.875,28.054166666666664,85.0,0.004166666666666667,84.875
2025-08-28,84.875,29.275000000000002,73.41250000000001,13.825000000000001,13.404166666666667,291.5833333333333,54.0,28.079166666666666,83.66666666666667,0.004166666666666667,91.79166666666667
2025-08-29,91.79166666666667,33.40416666666667,90.24583333333334,14.9375,13.858333333333333,324.375,55.583333333333336,27.825,84.66666666666667,0.004166666666666667,104.125
2025-08-30,104.125,39.37916666666667,100.82916666666667,18.287499999999998,16.016666666666666,324.875,54.416666666666664,28.28333333333333,82.79166666666667,0.0,100.625
2025-08-31,100.625,28.8,78.93333333333334,13.920833333333334,13.066666666666668,252.04166666666666,53.041666666666664,28.325,80.20833333333333,0.0,79.5
2025-09-01,79.5,22.866666666666664,54.770833333333336,10.729166666666666,9.929166666666667,222.04166666666666,54.708333333333336,28.129166666666666,77.625,0.03333333333333333,78.5
2025-09-02,78.5,25.9375,54.75416666666666,12.4125,11.5625,253.79166666666666,55.083333333333336,28.104166666666668,77.45833333333333,0.020833333333333332,87.83333333333333
2025-09-03,87.83333333333333,31.433333333333334,65.41250000000001,17.037499999999998,14.158333333333333,271.25,51.708333333333336,28.525000000000002,72.91666666666667,0.0,89.04166666666667
2025-09-04,89.04166666666667,26.90416666666667,63.97083333333333,15.195833333333333,14.516666666666666,254.70833333333334,54.791666666666664,28.212500000000002,76.91666666666667,0.0,80.91666666666667
2025-09-05,80.91666666666667,25.9875,54.362500000000004,12.858333333333334,13.116666666666667,254.16666666666666,61.208333333333336,28.708333333333332,77.91666666666667,0.0,84.25
2025-09-06,84.25,27.070833333333336,54.925000000000004,13.066666666666668,11.933333333333332,229.33333333333334,56.333333333333336,28.645833333333332,78.58333333333333,0.0,79.58333333333333
2025-09-07,79.58333333333333,23.166666666666668,44.362500000000004,12.145833333333334,11.5,231.83333333333334,55.25,28.412499999999998,78.375,0.0,80.20833333333333
2025-09-08,80.20833333333333,25.77916666666667,50.0625,18.337500000000002,13.170833333333334,315.7916666666667,46.458333333333336,27.245833333333334,84.95833333333333,0.27499999999999997,80.54166666666667
2025-09-09,80.54166666666667,21.208333333333332,35.512499999999996,25.483333333333334,13.004166666666668,313.8333333333333,38.458333333333336,26.141666666666666,92.25,2.6833333333333336,65.16666666666667
2025-09-10,65.16666666666667,18.320833333333333,35.375,21.604166666666668,11.858333333333334,381.7916666666667,34.875,26.400000000000002,88.375,0.9625,71.0
2025-09-11,71.0,17.204166666666666,32.97083333333333,19.620833333333334,13.129166666666668,398.5,35.583333333333336,26.491666666666664,87.83333333333333,0.15833333333333335,60.583333333333336
2025-09-12,60.583333333333336,14.370833333333332,26.412499999999998,16.412499999999998,12.270833333333334,330.4166666666667,36.166666666666664,27.195833333333336,83.83333333333333,0.0625,60.166666666666664
2025-09-13,60.166666666666664,13.704166666666666,23.47083333333333,16.316666666666666,12.85,310.2083333333333,37.791666666666664,27.5125,81.375,0.0,57.291666666666664
2025-09-14,57.291666666666664,12.504166666666668,21.537499999999998,12.083333333333334,10.933333333333332,248.25,41.875,27.633333333333336,81.29166666666667,0.012500000000000002,57.291666666666664
2025-09-15,57.291666666666664,13.608333333333334,25.15833333333333,9.775,9.012500000000001,236.66666666666666,41.333333333333336,27.454166666666666,81.875,0.020833333333333332,60.666666666666664
2025-09-16,60.666666666666664,16.933333333333334,36.78333333333333,11.979166666666666,9.679166666666667,264.5,39.583333333333336,27.741666666666664,83.20833333333333,0.0375,70.54166666666667
2025-09-17,70.54166666666667,22.879166666666666,60.02916666666667,16.9375,13.991666666666667,353.2083333333333,40.791666666666664,27.758333333333336,83.79166666666667,0.025000000000000005,79.58333333333333
2025-09-18,79.58333333333333,27.025000000000002,77.60000000000001,19.724999999999998,14.387500000000001,344.5833333333333,44.416666666666664,27.4875,86.25,0.016666666666666666,86.70833333333333
2025-09-19,86.70833333333333,28.474999999999998,90.99583333333334,19.391666666666666,13.783333333333333,316.5,40.75,27.337500000000002,82.66666666666667,0.012500000000000002,85.41666666666667
2025-09-20,85.41666666666667,26.504166666666666,77.69166666666666,20.0,13.170833333333334,301.7916666666667,36.5,27.383333333333336,81.16666666666667,0.025000000000000005,81.58333333333333
2025-09-21,81.58333333333333,24.224999999999998,70.12083333333334,17.1375,12.5625,262.25,39.916666666666664,27.525000000000002,75.83333333333333,0.0,75.08333333333333
2025-09-22,75.08333333333333,20.029166666666665,48.9625,12.816666666666668,11.241666666666667,239.95833333333334,47.5,27.754166666666666,75.0,0.008333333333333333,67.08333333333333
2025-09-23,67.08333333333333,18.2,38.5375,12.245833333333332,10.858333333333334,231.54166666666666,47.583333333333336,27.662499999999998,78.04166666666667,0.03333333333333333,71.45833333333333
2025-09-24,71.45833333333333,21.9375,50.916666666666664,14.512500000000001,11.299999999999999,271.0833333333333,42.625,27.5625,80.125,0.08333333333333333,76.70833333333333
2025-09-25,76.70833333333333,25.354166666666668,56.81666666666666,18.2375,14.258333333333333,339.9166666666667,42.666666666666664,27.670833333333334,81.83333333333333,0.020833333333333332,87.29166666666667
2025-09-26,87.29166666666667,29.854166666666668,58.487500000000004,23.866666666666664,17.533333333333335,404.625,48.166666666666664,27.974999999999998,77.08333333333333,0.0,81.79166666666667
2025-09-27,81.79166666666667,22.287499999999998,35.625,22.166666666666668,17.2375,323.8333333333333,53.916666666666664,28.379166666666666,77.70833333333333,0.0,74.5
2025-09-28,74.5,24.854166666666668,43.00833333333333,17.691666666666666,14.641666666666666,271.3333333333333,59.958333333333336,28.925,80.83333333333333,0.0,90.04166666666667
2025-09-29,90.04166666666667,31.879166666666666,47.025,25.816666666666666,14.383333333333333,556.2916666666666,77.70833333333333,32.49583333333333,58.208333333333336,0.0,97.58333333333333
2025-09-30,97.58333333333333,30.162499999999998,42.391666666666666,33.387499999999996,14.595833333333333,855.75,66.0,30.47083333333333,70.08333333333333,0.21666666666666667,77.54166666666667
2025-10-01,77.54166666666667,16.533333333333335,17.516666666666666,13.691666666666668,9.108333333333333,617.7083333333334,77.91666666666667,29.90416666666667,70.41666666666667,0.012500000000000002,58.625
2025-10-02,58.625,11.966666666666667,15.154166666666667,11.674999999999999,8.1625,573.4583333333334,67.70833333333333,30.22083333333333,66.41666666666667,0.012500000000000002,51.833333333333336
2025-10-03,51.833333333333336,9.299999999999999,12.737499999999999,10.9125,7.891666666666667,503.0416666666667,58.958333333333336,28.78333333333333,74.20833333333333,0.09166666666666667,54.416666666666664
2025-10-04,54.416666666666664,13.583333333333334,19.787499999999998,16.216666666666665,10.875,505.6666666666667,45.25,27.991666666666664,81.125,0.2791666666666667,60.25
2025-10-05,60.25,14.512500000000001,21.070833333333333,12.879166666666668,11.0,322.5416666666667,57.833333333333336,28.55,78.5,0.08333333333333333,72.58333333333333
2025-10-06,72.58333333333333,33.579166666666666,119.35000000000001,9.345833333333333,8.854166666666666,276.5,78.625,28.920833333333334,68.125,0.0,98.91666666666667
2025-10-07,98.91666666666667,36.733333333333334,148.92083333333332,17.283333333333335,14.004166666666668,528.4166666666666,67.41666666666667,28.8125,61.666666666666664,0.004166666666666667,115.91666666666667
2025-10-08,115.91666666666667,41.6,119.3625,33.19166666666667,22.320833333333336,613.4166666666666,56.625,27.59583333333333,68.0,0.008333333333333333,115.5
2025-10-09,115.5,40.53333333333333,100.59583333333335,30.0125,21.095833333333335,629.625,61.458333333333336,27.5,66.20833333333333,0.0,108.625
2025-10-10,108.625,38.858333333333334,81.70416666666667,27.383333333333336,19.224999999999998,582.5,68.375,27.46666666666667,64.54166666666667,0.008333333333333333,112.20833333333333
2025-10-11,112.20833333333333,41.454166666666666,74.15416666666667,27.458333333333332,19.733333333333334,727.3333333333334,74.16666666666667,27.245833333333334,65.25,0.020833333333333332,113.79166666666667
2025-10-12,113.79166666666667,38.38333333333333,60.275,24.3,18.883333333333333,582.9166666666666,86.0,27.900000000000002,57.916666666666664,0.0,109.08333333333333
2025-10-13,109.08333333333333,38.28333333333333,52.0,22.254166666666666,16.25,603.5833333333334,88.95833333333333,27.575,61.666666666666664,0.0,108.45833333333333
2025-10-14,108.45833333333333,35.1625,43.958333333333336,22.579166666666666,16.2625,526.7916666666666,90.625,27.733333333333334,61.625,0.0,99.70833333333333
2025-10-15,99.70833333333333,29.354166666666668,33.61666666666667,21.59166666666667,16.016666666666666,524.125,99.33333333333333,28.09583333333333,54.208333333333336,0.0,98.54166666666667
2025-10-16,98.54166666666667,29.2,32.487500000000004,25.170833333333334,18.537499999999998,637.5,101.625,29.016666666666666,42.416666666666664,0.0,103.91666666666667
2025-10-17,103.91666666666667,32.479166666666664,38.979166666666664,30.995833333333334,19.995833333333334,693.5416666666666,99.45833333333333,29.008333333333336,38.958333333333336,0.0,104.5
2025-10-18,104.5,32.4125,38.512499999999996,31.21666666666667,21.337500000000002,739.125,101.04166666666667,28.46666666666667,55.125,0.0,97.625
2025-10-19,97.625,27.483333333333334,35.05416666666667,26.75,19.0,621.5833333333334,92.875,28.8,51.541666666666664,0.0,88.375
2025-10-20,88.375,24.108333333333334,30.433333333333334,28.604166666666668,18.008333333333333,595.75,89.66666666666667,29.204166666666666,43.375,0.0,87.5
2025-10-21,87.5,33.78333333333333,40.35,37.333333333333336,19.933333333333334,886.6666666666666,77.95833333333333,29.545833333333334,39.333333333333336,0.0,108.33333333333333
2025-10-22,108.33333333333333,36.170833333333334,43.60833333333333,32.324999999999996,16.120833333333334,702.25,91.83333333333333,31.066666666666666,29.0,0.0,106.375
2025-10-23,106.375,38.770833333333336,49.90416666666667,43.895833333333336,18.191666666666666,902.75,82.25,29.870833333333334,33.166666666666664,0.0,111.375
2025-10-24,111.375,36.704166666666666,41.85,52.9625,21.520833333333332,1223.25,75.66666666666667,29.766666666666666,31.75,0.0,100.95833333333333
2025-10-25,100.95833333333333,27.224999999999998,31.0,36.4,14.6875,1102.4166666666667,84.54166666666667,30.241666666666664,27.041666666666668,0.0,84.16666666666667
2025-10-26,84.16666666666667,22.8125,25.675,19.075,11.345833333333333,571.2916666666666,100.79166666666667,30.650000000000002,23.708333333333332,0.0,80.875
2025-10-27,80.875,24.958333333333332,28.954166666666666,13.75,10.783333333333333,506.5416666666667,105.16666666666667,30.4375,24.583333333333332,0.0,92.83333333333333
2025-10-28,92.83333333333333,34.65,41.329166666666666,11.387500000000001,13.058333333333332,500.4583333333333,115.04166666666667,29.4875,32.583333333333336,0.0,108.20833333333333
2025-10-29,108.20833333333333,35.025,39.09583333333333,12.0625,11.470833333333333,469.7916666666667,100.20833333333333,29.0,36.125,0.0,90.91666666666667
2025-10-30,90.91666666666667,31.920833333333334,36.166666666666664,15.208333333333334,11.091666666666667,464.75,91.91666666666667,29.520833333333332,35.625,0.0,107.41666666666667
2025-10-31,107.41666666666667,55.725,68.83333333333333,28.833333333333332,19.462500000000002,929.0416666666666,89.0,29.575,34.666666666666664,0.0,160.83333333333334
2025-11-01,160.83333333333334,72.42083333333333,82.17916666666666,50.03333333333333,24.84166666666667,1176.8333333333333,68.66666666666667,27.825,38.75,0.0,157.58333333333334
2025-11-02,157.58333333333334,54.9,61.37916666666666,43.21666666666667,26.945833333333336,963.5,70.54166666666667,27.479166666666668,50.583333333333336,0.0,115.66666666666667
2025-11-03,115.66666666666667,33.170833333333334,56.49166666666667,23.4375,14.116666666666667,710.7916666666666,60.375,25.795833333333334,77.83333333333333,0.0,89.375
2025-11-04,89.375,28.037499999999998,45.041666666666664,22.21666666666667,12.620833333333332,452.875,69.41666666666667,28.25,45.583333333333336,0.0,84.125
2025-11-05,84.125,31.833333333333332,44.78333333333333,35.858333333333334,13.616666666666667,984.6666666666666,65.5,27.191666666666666,23.541666666666668,0.0,124.83333333333333
2025-11-06,124.83333333333333,52.15,67.56666666666666,48.85,26.75,1097.2916666666667,73.125,25.116666666666664,38.583333333333336,0.0,132.79166666666666
2025-11-07,132.79166666666666,43.666666666666664,61.50833333333333,34.07083333333333,19.537499999999998,796.4583333333334,74.08333333333333,24.724999999999998,51.541666666666664,0.0,114.41666666666667
2025-11-08,114.41666666666667,42.44583333333333,55.75,30.425,17.962500000000002,936.0833333333334,73.25,23.891666666666666,66.75,0.0,124.54166666666667
2025-11-09,124.54166666666667,43.541666666666664,70.74583333333334,38.6875,22.979166666666668,1460.0416666666667,51.333333333333336,23.6375,68.875,0.0,106.875
2025-11-10,106.875,35.012499999999996,48.025,41.15416666666667,23.079166666666666,1276.0,53.375,23.5,66.375,0.0,110.375
2025-11-11,110.375,41.225,48.5,47.512499999999996,30.45,1232.25,55.958333333333336,23.370833333333334,69.29166666666667,0.0,102.04166666666667
2025-11-12,102.04166666666667,31.22083333333333,37.895833333333336,39.43333333333333,25.2375,819.25,65.45833333333333,23.75,70.0,0.0,91.20833333333333
2025-11-13,91.20833333333333,27.47083333333333,38.175000000000004,29.77916666666667,25.400000000000002,778.9166666666666,79.125,23.991666666666664,67.375,0.0,88.75
2025-11-14,88.75,27.645833333333332,34.762499999999996,33.6,23.962500000000002,808.125,68.91666666666667,23.945833333333336,60.25,0.0,87.79166666666667
2025-11-15,87.79166666666667,29.575,34.15833333333333,40.05416666666667,25.224999999999998,875.0833333333334,64.83333333333333,23.991666666666664,48.458333333333336,0.0,91.95833333333333
2025-11-16,91.95833333333333,30.929166666666664,31.495833333333334,46.45416666666667,24.375,1228.5833333333333,71.125,24.558333333333334,37.791666666666664,0.0,104.58333333333333
2025-11-17,104.58333333333333,34.166666666666664,34.69583333333333,48.020833333333336,33.00833333333333,1008.7083333333334,79.75,23.704166666666666,40.0,0.0,112.33333333333333
2025-11-18,112.33333333333333,41.9125,44.12083333333334,42.604166666666664,32.34583333333333,781.0,78.58333333333333,23.2625,58.083333333333336,0.0,117.91666666666667
2025-11-19,117.91666666666667,41.47083333333333,44.0875,40.725,30.620833333333334,810.9583333333334,73.75,23.087500000000002,62.791666666666664,0.0,111.16666666666667
2025-11-20,111.16666666666667,35.56666666666667,36.725,31.7625,30.129166666666666,801.4166666666666,84.16666666666667,23.15416666666667,66.66666666666667,0.0,105.79166666666667
2025-11-21,105.79166666666667,40.09166666666667,40.987500000000004,41.766666666666666,33.3125,956.5416666666666,72.08333333333333,23.579166666666666,54.5,0.0,130.04166666666666
2025-11-22,130.04166666666666,55.25833333333333,59.1625,43.88333333333333,30.608333333333334,1009.5416666666666,80.20833333333333,23.516666666666666,50.708333333333336,0.0,155.08333333333334
2025-11-23,155.08333333333334,65.78333333333333,72.97500000000001,48.74583333333334,33.47083333333333,1134.4583333333333,68.58333333333333,22.962500000000002,52.666666666666664,0.0,149.33333333333334
2025-11-24,149.33333333333334,48.92083333333333,51.737500000000004,48.59583333333333,25.587500000000002,1151.0833333333333,60.666666666666664,22.8875,43.791666666666664,0.0,121.16666666666667
2025-11-25,121.16666666666667,38.791666666666664,40.37916666666667,25.945833333333336,19.0625,720.4583333333334,90.625,22.974999999999998,32.25,0.0,111.83333333333333
2025-11-26,111.83333333333333,38.550000000000004,39.612500000000004,26.620833333333334,18.625,862.375,92.25,23.337500000000002,30.541666666666668,0.0,98.75
2025-11-27,98.75,33.675000000000004,34.63333333333333,16.075,16.183333333333334,617.7083333333334,103.5,22.925,28.041666666666668,0.0,98.41666666666667
2025-11-28,98.41666666666667,37.541666666666664,38.52916666666667,16.441666666666666,20.420833333333334,704.5,111.29166666666667,22.491666666666664,29.083333333333332,0.0,113.16666666666667
2025-11-29,113.16666666666667,40.77916666666667,41.7125,19.541666666666668,23.712500000000002,797.2916666666666,112.625,22.27916666666667,31.791666666666668,0.0,107.16666666666667
2025-11-30,107.16666666666667,35.729166666666664,36.275,32.06666666666667,28.129166666666666,915.2916666666666,92.375,21.708333333333332,36.25,0.0,97.25
2025-12-01,97.25,30.058333333333334,34.975,42.7125,23.47083333333333,1097.625,54.916666666666664,21.433333333333334,47.583333333333336,0.0,92.41666666666667
2025-12-02,92.41666666666667,40.03333333333333,49.65,49.76666666666667,35.854166666666664,1257.2083333333333,62.791666666666664,20.712500000000002,43.125,0.0,102.83333333333333
2025-12-03,102.83333333333333,25.770833333333332,27.224999999999998,24.370833333333334,15.7875,664.0,85.66666666666667,21.337500000000002,27.416666666666668,0.0,81.83333333333333
2025-12-04,81.83333333333333,25.925,26.675,19.908333333333335,17.474999999999998,752.25,90.04166666666667,22.329166666666666,26.541666666666668,0.0,77.75
2025-12-05,77.75,22.045833333333334,22.229166666666668,27.53333333333333,18.358333333333334,1134.6666666666667,78.375,21.691666666666666,32.791666666666664,0.0,74.54166666666667
2025-12-06,74.54166666666667,25.0,25.195833333333336,21.170833333333334,14.9,720.2916666666666,80.75,22.825,28.041666666666668,0.0,105.16666666666667
2025-12-07,105.16666666666667,45.60833333333333,45.925000000000004,33.69583333333333,22.0125,928.0833333333334,70.75,22.516666666666666,27.958333333333332,0.0,110.75
2025-12-08,110.75,29.925,30.2375,31.891666666666666,16.7625,931.7083333333334,71.25,22.670833333333334,28.916666666666668,0.0,83.33333333333333
2025-12-09,83.33333333333333,27.791666666666668,29.224999999999998,34.025,23.858333333333334,1244.1666666666667,74.75,22.758333333333336,32.5,0.0,90.29166666666667
2025-12-10,90.29166666666667,29.770833333333332,30.1125,49.17916666666667,32.229166666666664,1229.4166666666667,56.333333333333336,21.587500000000002,42.75,0.0,84.33333333333333
2025-12-11,84.33333333333333,25.579166666666666,28.983333333333334,42.104166666666664,26.47083333333333,1121.5,62.375,20.745833333333334,75.41666666666667,0.0,84.29166666666667
2025-12-12,84.29166666666667,26.545833333333334,29.633333333333336,39.916666666666664,21.71666666666667,842.625,54.666666666666664,20.291666666666668,80.5,0.0,78.625
2025-12-13,78.625,23.233333333333334,25.375,34.67916666666667,21.3625,936.625,60.958333333333336,21.633333333333336,72.5,0.0,82.66666666666667
2025-12-14,82.66666666666667,37.125,40.604166666666664,47.24166666666667,31.766666666666666,1077.875,56.291666666666664,21.162499999999998,63.208333333333336,0.0,139.16666666666666
2025-12-15,139.16666666666666,57.43333333333334,61.24583333333334,28.724999999999998,20.383333333333333,924.2916666666666,85.95833333333333,21.620833333333334,44.958333333333336,0.0,140.66666666666666
2025-12-16,140.66666666666666,50.30416666666667,52.82083333333333,13.916666666666666,20.054166666666667,957.1666666666666,107.375,22.15833333333333,43.458333333333336,0.0,141.70833333333334
2025-12-17,141.70833333333334,50.112500000000004,52.26666666666667,23.375,25.28333333333333,1051.6666666666667,99.04166666666667,22.420833333333334,40.166666666666664,0.0,114.25
2025-12-18,114.25,43.39166666666667,45.95416666666667,40.0875,32.2875,1180.125,82.91666666666667,21.579166666666666,45.375,0.0,131.16666666666666
2025-12-19,131.16666666666666,49.458333333333336,51.73333333333333,47.074999999999996,30.170833333333334,1752.4166666666667,81.29166666666667,22.59166666666667,43.333333333333336,0.0,150.54166666666666
2025-12-20,150.54166666666666,59.300000000000004,61.26666666666667,54.958333333333336,34.94583333333333,1492.625,72.75,23.270833333333332,48.458333333333336,0.0,132.875
2025-12-21,132.875,33.987500000000004,44.0375,32.949999999999996,19.479166666666668,952.7083333333334,58.708333333333336,22.55,72.125,0.0,81.58333333333333
2025-12-22,81.58333333333333,35.30416666666667,46.13333333333333,35.916666666666664,20.666666666666668,787.5,64.79166666666667,22.233333333333334,50.333333333333336,0.0,142.29166666666666
2025-12-23,142.29166666666666,53.18333333333334,57.987500000000004,22.46666666666667,22.962500000000002,800.9583333333334,91.375,22.041666666666668,48.166666666666664,0.0,108.83333333333333
2025-12-24,108.83333333333333,38.00833333333333,44.75833333333333,34.44166666666667,21.7,861.875,72.08333333333333,20.666666666666668,46.458333333333336,0.0,121.04166666666667
2025-12-25,121.04166666666667,44.01666666666667,47.15833333333333,46.87916666666666,36.737500000000004,972.8333333333334,61.916666666666664,19.608333333333334,56.666666666666664,0.0,113.125
2025-12-26,113.125,39.86666666666667,42.454166666666666,38.3375,32.71666666666667,964.4583333333334,63.708333333333336,19.729166666666668,67.25,0.0,122.375
2025-12-27,122.375,49.38333333333333,51.541666666666664,55.15833333333333,32.5,954.75,69.41666666666667,20.204166666666666,49.208333333333336,0.0,121.66666666666667
2025-12-28,121.66666666666667,41.166666666666664,41.775,49.137499999999996,33.55833333333333,974.7916666666666,70.45833333333333,20.337500000000002,42.541666666666664,0.0,128.45833333333334
2025-12-29,128.45833333333334,46.64166666666667,47.6,37.49583333333333,33.362500000000004,1040.875,83.45833333333333,20.258333333333333,47.916666666666664,0.0,127.0
2025-12-30,127.0,46.458333333333336,48.90416666666667,27.979166666666668,20.529166666666665,1119.875,75.75,20.470833333333335,68.0,0.012499999999999999,96.75
2025-12-31,96.75,20.204166666666666,31.6375,26.504166666666666,15.195833333333333,627.9166666666666,65.16666666666667,21.208333333333332,64.41666666666667,0.04583333333333334,91.54166666666667
2026-01-01,91.54166666666667,50.875,64.73333333333333,41.083333333333336,23.554166666666664,951.375,62.208333333333336,19.904166666666665,59.875,0.0,149.5
2026-01-02,149.5,56.69583333333333,78.375,45.854166666666664,27.075,1000.8333333333334,62.458333333333336,19.787499999999998,53.375,0.0,149.125
2026-01-03,149.125,53.375,67.83333333333333,48.01666666666667,30.704166666666666,1212.7916666666667,67.125,18.89166666666667,57.833333333333336,0.0,152.41666666666666
2026-01-04,152.41666666666666,60.01666666666667,97.14583333333333,41.80833333333333,30.441666666666666,1132.5833333333333,64.29166666666667,18.958333333333332,71.58333333333333,0.0,147.875
2026-01-05,147.875,57.57916666666667,87.31666666666666,48.15416666666667,29.891666666666666,1032.9583333333333,71.625,19.5875,67.16666666666667,0.0,137.91666666666666
2026-01-06,137.91666666666666,38.0875,46.18333333333334,20.400000000000002,14.166666666666666,743.8333333333334,91.33333333333333,20.029166666666665,48.791666666666664,0.0,115.33333333333333
2026-01-07,115.33333333333333,41.40833333333333,46.30416666666667,15.154166666666667,14.575000000000001,648.1666666666666,99.58333333333333,19.087500000000002,44.75,0.0,101.25
2026-01-08,101.25,30.03333333333333,31.166666666666668,16.170833333333334,13.674999999999999,687.25,97.04166666666667,18.133333333333333,37.666666666666664,0.0,83.25
2026-01-09,83.25,23.974999999999998,25.34583333333333,24.6875,16.358333333333334,917.0,89.29166666666667,17.837500000000002,35.541666666666664,0.0,78.66666666666667
2026-01-10,78.66666666666667,28.8125,30.325,27.641666666666666,20.875,940.875,89.58333333333333,18.075,34.958333333333336,0.0,100.16666666666667
2026-01-11,100.16666666666667,35.56666666666667,37.68333333333333,20.099999999999998,15.2875,784.5,90.04166666666667,17.466666666666665,37.458333333333336,0.0,110.58333333333333
2026-01-12,110.58333333333333,50.06666666666666,52.32916666666667,40.40833333333333,25.5625,1271.4166666666667,87.5,16.966666666666665,49.083333333333336,0.0,130.70833333333334
2026-01-13,130.70833333333334,42.84583333333333,44.46666666666667,46.77916666666667,26.570833333333336,1513.9166666666667,70.66666666666667,18.279166666666665,46.458333333333336,0.0,131.5
2026-01-14,131.5,42.520833333333336,49.112500000000004,41.22083333333333,21.8875,1540.3333333333333,54.916666666666664,19.3,60.583333333333336,0.0,98.04166666666667
2026-01-15,98.04166666666667,33.80416666666667,40.770833333333336,37.291666666666664,19.0625,1272.9166666666667,57.041666666666664,20.670833333333334,77.25,0.0,112.75
2026-01-16,112.75,40.30416666666667,49.57083333333333,45.645833333333336,22.120833333333334,1285.7083333333333,48.583333333333336,20.883333333333333,73.08333333333333,0.0,93.0
2026-01-17,93.0,29.3875,55.887499999999996,25.870833333333334,14.275,600.5833333333334,70.29166666666667,22.0,69.66666666666667,0.0,91.95833333333333
2026-01-18,91.95833333333333,33.37916666666667,55.262499999999996,29.675,22.97083333333333,1092.5416666666667,68.04166666666667,20.583333333333332,69.66666666666667,0.012500000000000002,105.83333333333333
2026-01-19,105.83333333333333,41.36666666666667,86.97500000000001,32.67916666666667,20.545833333333334,1207.0,60.875,20.5125,68.66666666666667,0.0,102.54166666666667
2026-01-20,102.54166666666667,33.0375,61.51666666666667,28.820833333333336,18.516666666666666,1233.625,61.875,20.058333333333334,58.5,0.0,91.70833333333333
2026-01-21,91.70833333333333,29.645833333333332,45.04583333333333,31.891666666666666,21.145833333333332,895.0,62.666666666666664,19.579166666666666,62.541666666666664,0.0,93.0
2026-01-22,93.0,30.3,59.34583333333333,31.516666666666666,15.954166666666666,758.7083333333334,55.125,18.841666666666665,68.25,0.6083333333333334,88.54166666666667
2026-01-23,88.54166666666667,34.104166666666664,114.62916666666666,19.870833333333334,16.787499999999998,397.2916666666667,69.16666666666667,13.616666666666667,42.875,0.0,98.33333333333333
2026-01-24,98.33333333333333,25.991666666666664,53.32916666666667,23.47083333333333,11.766666666666666,522.4166666666666,65.91666666666667,14.612499999999999,42.625,0.0,71.125
2026-01-25,71.125,20.320833333333333,23.504166666666666,12.154166666666667,10.987499999999999,581.4166666666666,88.79166666666667,15.725000000000001,37.5,0.0,77.95833333333333
2026-01-26,77.95833333333333,25.525000000000002,27.083333333333332,22.71666666666667,20.170833333333334,577.0416666666666,93.29166666666667,17.120833333333334,37.416666666666664,0.0,75.5
2026-01-27,75.5,19.1375,23.958333333333332,23.429166666666664,25.483333333333334,745.0416666666666,83.58333333333333,17.804166666666667,40.083333333333336,0.0,85.04166666666667
2026-01-28,85.04166666666667,34.766666666666666,38.358333333333334,44.55833333333334,25.0625,1053.4583333333333,62.916666666666664,18.575,47.958333333333336,0.0,94.875
2026-01-29,94.875,25.441666666666666,32.800000000000004,32.391666666666666,15.866666666666667,752.9583333333334,69.625,19.045833333333334,44.25,0.0,75.04166666666667
2026-01-30,75.04166666666667,23.8,31.516666666666666,29.683333333333334,18.008333333333333,701.2916666666666,83.875,19.491666666666667,44.333333333333336,0.0,98.45833333333333
2026-01-31,98.45833333333333,34.82083333333333,41.516666666666666,34.4125,24.05,850.375,83.875,19.483333333333334,50.583333333333336,0.0,95.625
2026-02-01,95.625,31.224999999999998,50.67083333333333,28.804166666666664,18.575,862.625,71.83333333333333,20.483333333333334,70.125,0.0,93.95833333333333
2026-02-02,93.95833333333333,37.47083333333333,53.725,37.170833333333334,16.879166666666666,807.2916666666666,61.958333333333336,22.0125,50.958333333333336,0.0,110.58333333333333
2026-02-03,110.58333333333333,44.27916666666667,66.03333333333333,38.62916666666667,16.5125,871.2916666666666,64.29166666666667,22.34583333333333,43.041666666666664,0.0,116.0
2026-02-04,116.0,29.316666666666666,40.295833333333334,26.329166666666666,12.595833333333333,655.4583333333334,76.29166666666667,23.416666666666668,35.291666666666664,0.0,88.16666666666667
2026-02-05,88.16666666666667,39.65,45.97083333333333,30.145833333333332,19.020833333333332,831.1666666666666,85.33333333333333,23.704166666666666,33.25,0.0,112.0
2026-02-06,112.0,32.43333333333333,36.19166666666667,37.11666666666667,23.349999999999998,818.5416666666666,83.79166666666667,22.1875,43.25,0.0,96.75
2026-02-07,96.75,36.362500000000004,48.88333333333333,30.370833333333334,20.204166666666666,904.5416666666666,81.16666666666667,21.95,72.08333333333333,0.0,125.0
2026-02-08,125.0,48.854166666666664,61.916666666666664,40.02916666666667,25.620833333333334,965.8333333333334,69.91666666666667,21.3875,72.45833333333333,0.0,108.83333333333333
2026-02-09,108.83333333333333,32.270833333333336,59.99166666666667,19.3875,12.129166666666668,441.3333333333333,63.833333333333336,22.1375,75.16666666666667,0.012500000000000002,89.91666666666667
2026-02-10,89.91666666666667,33.65833333333333,68.8125,21.7375,14.141666666666666,545.5,74.5,22.816666666666666,74.875,0.020833333333333332,124.16666666666667
2026-02-11,124.16666666666667,46.875,60.77916666666667,29.912499999999998,17.474999999999998,689.5,79.08333333333333,24.0125,49.0,0.0,107.70833333333333
2026-02-12,107.70833333333333,39.112500000000004,48.23333333333333,28.604166666666668,18.537499999999998,655.4583333333334,89.20833333333333,23.775000000000002,44.541666666666664,0.0,126.33333333333333
2026-02-13,126.33333333333333,44.21666666666667,56.47083333333333,40.291666666666664,26.05,905.9583333333334,69.95833333333333,22.47083333333333,69.08333333333333,0.0,95.08333333333333
2026-02-14,95.08333333333333,25.787499999999998,32.59166666666667,28.245833333333334,18.820833333333333,739.2916666666666,67.45833333333333,22.004166666666666,77.79166666666667,0.0,88.83333333333333
2026-02-15,88.83333333333333,33.25833333333333,54.07083333333333,26.354166666666668,17.329166666666666,527.1666666666666,61.458333333333336,21.991666666666664,84.625,0.0,98.5
2026-02-16,98.5,31.879166666666666,52.175000000000004,22.866666666666664,14.079166666666666,458.2083333333333,65.45833333333333,22.6125,75.58333333333333,0.0,86.875
2026-02-17,86.875,30.866666666666664,53.4,27.458333333333332,20.991666666666667,865.5416666666666,73.08333333333333,21.945833333333336,75.375,0.05416666666666667,94.33333333333333
2026-02-18,94.33333333333333,32.35,48.40416666666667,25.958333333333332,18.683333333333334,656.5,94.45833333333333,21.7625,57.25,0.0,92.54166666666667
2026-02-19,92.54166666666667,26.925,38.40416666666667,19.7,12.566666666666668,566.75,97.875,24.90833333333333,39.708333333333336,0.0,86.70833333333333
2026-02-20,86.70833333333333,25.729166666666668,40.833333333333336,14.320833333333333,10.620833333333334,484.875,107.70833333333333,26.083333333333332,33.125,0.0,104.58333333333333
2026-02-21,104.58333333333333,34.57083333333333,80.94166666666666,17.829166666666666,16.708333333333332,554.1666666666666,125.41666666666667,25.599999999999998,38.041666666666664,0.0,103.125
2026-02-22,103.125,30.96666666666667,49.987500000000004,24.583333333333332,16.724999999999998,548.5416666666666,102.375,23.741666666666664,69.45833333333333,0.0,92.91666666666667
2026-02-23,92.91666666666667,33.97083333333334,61.89166666666667,25.90416666666667,16.6375,641.2083333333334,88.79166666666667,23.679166666666664,75.04166666666667,0.0,98.375
2026-02-24,98.375,32.579166666666666,62.949999999999996,25.933333333333334,14.458333333333334,819.6666666666666,76.08333333333333,23.9875,70.125,0.0,90.20833333333333
2026-02-25,90.20833333333333,27.90833333333333,37.72083333333333,28.724999999999998,18.8875,699.2916666666666,74.125,24.208333333333332,65.79166666666667,0.0,79.75
2026-02-26,79.75,22.4875,29.925,20.679166666666667,13.549999999999999,545.4583333333334,77.375,24.683333333333334,69.58333333333333,0.0,75.625
2026-02-27,75.625,23.983333333333334,40.583333333333336,16.620833333333334,12.841666666666667,386.0,85.79166666666667,24.329166666666666,70.66666666666667,0.0,81.58333333333333
2026-02-28,81.58333333333333,26.349999999999998,62.92916666666667,18.5625,13.170833333333334,401.2916666666667,90.54166666666667,24.375,74.125,0.0,87.125
2026-03-01,87.125,26.287499999999998,44.637499999999996,22.1875,16.55,479.6666666666667,84.16666666666667,23.479166666666668,78.20833333333333,0.0,88.95833333333333
2026-03-02,88.95833333333333,28.270833333333332,47.04583333333333,26.833333333333332,17.1875,509.4583333333333,85.33333333333333,23.65833333333333,79.95833333333333,0.0,90.5
2026-03-03,90.5,28.150000000000002,47.25833333333333,28.6375,19.425,570.9583333333334,79.25,24.183333333333334,74.79166666666667,0.0,85.25
2026-03-04,85.25,25.458333333333332,43.40416666666667,21.974999999999998,15.125,382.5833333333333,74.33333333333333,23.204166666666666,75.95833333333333,0.0,68.16666666666667
2026-03-05,68.16666666666667,15.245833333333332,22.3875,14.875,10.883333333333333,332.9166666666667,76.54166666666667,23.704166666666666,74.625,0.0,68.5
2026-03-06,68.5,23.125,50.050000000000004,13.908333333333333,10.841666666666667,306.0833333333333,70.5,24.995833333333334,79.25,0.0,85.20833333333333
2026-03-07,85.20833333333333,33.34166666666667,88.24583333333334,20.270833333333332,13.987499999999999,508.7916666666667,80.66666666666667,25.191666666666666,81.625,0.0,105.41666666666667
2026-03-08,105.41666666666667,35.47083333333333,60.15,30.291666666666668,17.091666666666665,515.2916666666666,87.375,24.304166666666664,84.33333333333333,0.0,101.5
2026-03-09,101.5,35.68333333333333,65.09583333333333,36.13333333333333,19.495833333333334,540.7916666666666,68.125,25.366666666666664,74.20833333333333,0.0,89.70833333333333
2026-03-10,89.70833333333333,26.349999999999998,47.92083333333333,28.920833333333334,15.870833333333332,430.2083333333333,65.0,25.483333333333334,72.16666666666667,0.0,85.875
2026-03-11,85.875,35.11666666666667,83.90416666666667,22.954166666666666,14.104166666666666,467.8333333333333,64.75,24.979166666666668,80.5,0.0,121.54166666666667
2026-03-12,121.54166666666667,43.737500000000004,107.52916666666665,19.641666666666666,12.325000000000001,462.4583333333333,71.625,27.820833333333336,51.833333333333336,0.0,128.125
2026-03-13,128.125,54.32083333333333,148.1625,23.8125,20.045833333333334,707.4166666666666,73.625,26.891666666666666,50.208333333333336,0.0,122.5
2026-03-14,122.5,31.741666666666664,79.81666666666666,17.275000000000002,12.591666666666667,459.3333333333333,77.875,27.02916666666667,56.791666666666664,0.0,78.91666666666667
2026-03-15,78.91666666666667,18.870833333333334,46.48333333333333,15.887500000000001,10.520833333333334,451.5833333333333,86.08333333333333,28.40833333333333,46.0,0.0,69.0
2026-03-16,69.0,19.745833333333334,55.6,15.85,11.241666666666667,408.5833333333333,82.95833333333333,27.90416666666667,47.458333333333336,0.0,68.66666666666667
2026-03-17,68.66666666666667,17.837500000000002,38.3125,19.179166666666667,13.508333333333333,441.25,80.0,25.90416666666667,73.25,0.0,75.45833333333333
2026-03-18,75.45833333333333,23.704166666666666,37.9375,22.833333333333332,17.983333333333334,719.0416666666666,66.66666666666667,25.816666666666666,80.70833333333333,0.09583333333333334,75.04166666666667
2026-03-19,75.04166666666667,28.891666666666666,68.17916666666666,30.104166666666668,20.320833333333333,861.9583333333334,65.29166666666667,22.895833333333332,77.08333333333333,0.44999999999999996,96.04166666666667
2026-03-20,96.04166666666667,30.870833333333334,73.94583333333334,31.3625,19.108333333333334,698.0,64.25,23.183333333333334,74.125,0.0,80.54166666666667
2026-03-21,80.54166666666667,22.645833333333332,41.416666666666664,21.454166666666666,14.75,486.7916666666667,59.958333333333336,25.28333333333333,77.54166666666667,0.004166666666666667,79.125
2026-03-22,79.125,25.733333333333334,36.016666666666666,23.745833333333334,18.866666666666667,472.375,57.625,25.333333333333332,77.375,0.004166666666666667,73.375
2026-03-23,73.375,14.783333333333333,21.329166666666666,17.470833333333335,14.950000000000001,349.0833333333333,65.25,26.070833333333336,71.70833333333333,0.0,57.416666666666664
2026-03-24,57.416666666666664,14.154166666666667,23.333333333333332,16.5,15.387500000000001,368.5416666666667,68.41666666666667,26.462500000000002,75.58333333333333,0.0,63.416666666666664
2026-03-25,63.416666666666664,20.599999999999998,49.86666666666667,16.412499999999998,13.066666666666668,377.375,52.458333333333336,26.875,68.5,0.0,79.58333333333333
2026-03-26,79.58333333333333,23.662499999999998,43.800000000000004,21.712500000000002,16.141666666666666,332.2916666666667,53.25,26.7625,66.625,0.004166666666666667,68.91666666666667
2026-03-27,68.91666666666667,13.441666666666668,20.979166666666668,13.375,14.504166666666668,344.6666666666667,62.041666666666664,26.666666666666668,74.45833333333333,0.0,48.333333333333336
2026-03-28,48.333333333333336,8.0625,21.604166666666668,6.758333333333333,8.533333333333333,204.54166666666666,57.041666666666664,26.791666666666668,69.875,0.0,66.875
2026-03-29,66.875,17.8875,47.12916666666666,7.7625,9.529166666666667,248.875,110.75,26.516666666666666,58.916666666666664,0.0,79.04166666666667
2026-03-30,79.04166666666667,19.245833333333334,42.262499999999996,9.358333333333333,11.054166666666667,276.25,119.95833333333333,25.704166666666666,53.791666666666664,0.0,77.20833333333333
2026-03-31,77.20833333333333,23.650000000000002,50.00416666666666,11.816666666666668,12.424999999999999,338.2916666666667,115.33333333333333,25.2625,55.0,0.0,78.0
2026-04-01,78.0,20.741666666666667,40.55416666666667,14.1,13.85,347.5,100.75,25.829166666666666,61.5,0.0,73.0
2026-04-02,73.0,22.479166666666668,59.887499999999996,16.883333333333333,16.295833333333334,388.9583333333333,73.45833333333333,22.583333333333332,81.25,0.43333333333333335,67.33333333333333
2026-04-03,67.33333333333333,15.170833333333333,26.47083333333333,18.370833333333334,19.433333333333334,605.8333333333334,74.875,21.891666666666666,74.41666666666667,0.05833333333333333,69.95833333333333
2026-04-04,69.95833333333333,16.400000000000002,27.96666666666667,17.3125,12.208333333333334,454.4166666666667,97.54166666666667,24.191666666666666,65.70833333333333,0.0,70.0
2026-04-05,70.0,18.537499999999998,27.2,20.1125,14.870833333333332,516.2083333333334,93.04166666666667,24.666666666666668,67.29166666666667,0.0,72.66666666666667
2026-04-06,72.66666666666667,21.554166666666664,48.12916666666666,14.237499999999999,10.070833333333333,364.9166666666667,77.75,25.691666666666666,72.66666666666667,0.0375,73.04166666666667
2026-04-07,73.04166666666667,22.599999999999998,51.7125,8.9375,9.229166666666666,292.0416666666667,90.91666666666667,26.433333333333334,72.70833333333333,0.008333333333333333,101.79166666666667
2026-04-08,101.79166666666667,29.983333333333334,60.541666666666664,15.429166666666667,16.570833333333333,528.5,123.29166666666667,25.77916666666667,76.04166666666667,0.0,113.20833333333333
2026-04-09,113.20833333333333,40.49583333333333,81.45416666666667,22.275000000000002,18.733333333333334,674.5416666666666,109.875,25.608333333333334,77.375,0.0,111.04166666666667
2026-04-10,111.04166666666667,31.09166666666667,63.75,20.591666666666665,18.349999999999998,571.9583333333334,102.70833333333333,27.233333333333334,64.58333333333333,0.0,94.125
2026-04-11,94.125,38.74583333333333,105.30416666666667,15.658333333333333,12.316666666666668,378.6666666666667,89.29166666666667,27.933333333333334,65.75,0.0,116.41666666666667
2026-04-12,116.41666666666667,37.708333333333336,114.41250000000001,18.591666666666665,15.625,589.0416666666666,97.75,28.474999999999998,59.791666666666664,0.0,99.125
2026-04-13,99.125,30.587500000000002,81.65833333333333,12.466666666666667,10.200000000000001,378.25,89.45833333333333,28.358333333333334,62.375,0.0,87.91666666666667
2026-04-14,87.91666666666667,32.475,107.71666666666665,12.154166666666667,9.933333333333334,394.9583333333333,97.70833333333333,28.604166666666668,62.291666666666664,0.0,106.25
2026-04-15,106.25,29.7375,67.95416666666667,18.554166666666667,13.870833333333332,449.9166666666667,108.125,27.620833333333334,71.33333333333333,0.0,81.75
2026-04-16,81.75,18.904166666666665,31.849999999999998,15.945833333333333,12.133333333333333,347.4166666666667,103.41666666666667,27.224999999999998,64.79166666666667,0.0,78.375
2026-04-17,78.375,23.025000000000002,46.87916666666666,18.320833333333333,11.725,372.5,97.04166666666667,28.337500000000002,63.166666666666664,0.0,81.375
2026-04-18,81.375,24.133333333333336,70.60000000000001,17.087500000000002,13.200000000000001,355.4583333333333,97.58333333333333,26.65833333333333,70.625,0.0,86.70833333333333
2026-04-19,86.70833333333333,20.3,37.28333333333334,16.908333333333335,13.875,396.0833333333333,104.41666666666667,26.84166666666667,72.125,0.0,78.20833333333333
2026-04-20,78.20833333333333,22.454166666666666,46.333333333333336,15.65,13.75,326.375,101.20833333333333,27.224999999999998,75.5,0.0,74.58333333333333
2026-04-21,74.58333333333333,21.1,48.6875,15.375,12.3375,310.4166666666667,73.79166666666667,27.141666666666666,73.875,0.0,69.20833333333333
2026-04-22,69.20833333333333,15.641666666666666,28.991666666666664,12.424999999999999,11.029166666666667,267.7916666666667,62.833333333333336,27.412499999999998,79.04166666666667,0.0,60.625
2026-04-23,60.625,15.458333333333334,26.741666666666664,12.325000000000001,11.283333333333333,276.9166666666667,66.33333333333333,28.004166666666666,78.54166666666667,0.0,64.79166666666667
2026-04-24,64.79166666666667,18.041666666666668,33.458333333333336,15.579166666666666,12.720833333333333,294.1666666666667,63.25,28.020833333333332,81.66666666666667,0.0,70.66666666666667
2026-04-25,70.66666666666667,22.212500000000002,47.99583333333334,18.42083333333333,13.541666666666666,343.2916666666667,75.66666666666667,28.495833333333334,77.95833333333333,0.0,74.75
2026-04-26,74.75,21.170833333333334,44.82916666666667,17.679166666666667,11.416666666666666,375.0833333333333,78.54166666666667,30.087500000000002,64.33333333333333,0.0,70.70833333333333
2026-04-27,70.70833333333333,19.220833333333335,39.65833333333333,14.329166666666666,10.424999999999999,377.625,81.375,29.53333333333333,70.125,0.0,71.04166666666667
2026-04-28,71.04166666666667,18.679166666666667,38.61666666666667,10.829166666666666,9.487499999999999,325.5,100.0,29.8,68.25,0.0,79.91666666666667
2026-04-29,79.91666666666667,26.854166666666668,60.69583333333333,13.408333333333333,12.295833333333334,377.75,101.79166666666667,29.495833333333334,74.54166666666667,0.0,85.70833333333333
2026-04-30,85.70833333333333,25.320833333333336,55.68333333333334,12.9625,10.737499999999999,331.5,99.625,29.8875,72.375,0.0,78.91666666666667
2026-05-01,78.91666666666667,26.545833333333334,80.15416666666667,11.979166666666666,9.258333333333333,344.2916666666667,94.54166666666667,31.47083333333333,59.708333333333336,0.0,86.66666666666667
2026-05-02,86.66666666666667,28.84583333333333,91.35833333333333,9.379166666666666,7.904166666666666,303.5,103.16666666666667,31.745833333333334,53.166666666666664,0.0,90.125
2026-05-03,90.125,24.141666666666666,74.45416666666667,13.137500000000001,10.091666666666667,414.875,117.16666666666667,31.6875,56.916666666666664,0.0,98.16666666666667
2026-05-04,98.16666666666667,41.704166666666666,197.41666666666666,15.3375,10.545833333333333,387.7916666666667,105.45833333333333,34.262499999999996,29.5,0.0,122.5
2026-05-05,122.5,36.4,126.325,20.0125,13.700000000000001,492.2083333333333,96.45833333333333,30.3625,62.958333333333336,0.0,94.66666666666667
2026-05-06,94.66666666666667,31.241666666666664,79.08333333333333,21.870833333333334,16.383333333333333,433.4583333333333,68.875,28.900000000000002,77.75,0.0,80.75
2026-05-07,80.75,19.125,43.30833333333334,11.762500000000001,11.279166666666667,267.5833333333333,70.58333333333333,29.09583333333333,79.625,0.0,67.375
2026-05-08,67.375,18.695833333333333,37.045833333333334,12.345833333333333,13.891666666666666,297.7083333333333,74.75,29.358333333333334,80.375,0.0,68.70833333333333
2026-05-09,68.70833333333333,19.495833333333334,40.574999999999996,15.5,14.970833333333333,287.0416666666667,68.04166666666667,29.308333333333334,80.66666666666667,0.008333333333333333,70.625
2026-05-10,70.625,20.029166666666665,44.34166666666667,13.9125,13.120833333333332,275.0,71.75,29.420833333333334,78.875,0.0,70.41666666666667
2026-05-11,70.41666666666667,20.537499999999998,42.6,15.466666666666667,13.770833333333334,286.4583333333333,76.04166666666667,29.6375,79.79166666666667,0.0,74.75
2026-05-12,74.75,24.104166666666668,61.145833333333336,18.2,15.816666666666668,328.5833333333333,80.79166666666667,30.741666666666664,74.33333333333333,0.0,86.95833333333333
2026-05-13,86.95833333333333,28.575,63.4125,17.55,7.8374999999999995,430.2916666666667,81.95833333333333,31.875,60.875,0.0,71.125
2026-05-14,71.125,12.866666666666667,22.52916666666667,8.083333333333334,4.629166666666666,216.75,64.625,30.079166666666666,72.95833333333333,0.0,55.875
2026-05-15,55.875,12.200000000000001,29.175,7.545833333333333,4.570833333333334,203.95833333333334,56.125,30.075,73.20833333333333,0.004166666666666667,59.583333333333336
2026-05-16,59.583333333333336,19.133333333333333,54.72083333333333,9.799999999999999,5.666666666666667,229.29166666666666,65.83333333333333,29.84583333333333,73.25,0.0,74.58333333333333
2026-05-17,74.58333333333333,22.808333333333334,67.68333333333334,7.979166666666667,5.341666666666666,185.41666666666666,66.33333333333333,29.620833333333334,71.08333333333333,0.0,76.625
2026-05-18,76.625,22.333333333333332,56.46666666666667,6.6125,4.5249999999999995,189.04166666666666,61.958333333333336,29.308333333333334,73.16666666666667,0.0,72.5
2026-05-19,72.5,19.833333333333332,49.99583333333334,7.245833333333334,4.616666666666666,201.08333333333334,63.208333333333336,30.133333333333336,76.0,0.0,72.08333333333333
2026-05-20,72.08333333333333,23.683333333333334,58.99583333333334,8.816666666666666,5.329166666666667,223.58333333333334,76.04166666666667,29.95,76.66666666666667,0.0,84.58333333333333
2026-05-21,84.58333333333333,32.333333333333336,89.66250000000001,7.629166666666666,5.191666666666666,210.83333333333334,71.04166666666667,30.079166666666666,74.58333333333333,0.0,103.875
2026-05-22,103.875,41.9125,123.57916666666667,8.112499999999999,5.883333333333333,225.29166666666666,66.83333333333333,30.058333333333334,75.16666666666667,0.0,121.125
2026-05-23,121.125,40.87083333333333,106.74583333333334,7.808333333333334,5.445833333333333,215.04166666666666,77.08333333333333,29.766666666666666,72.875,0.0,107.45833333333333
2026-05-24,107.45833333333333,36.61666666666667,93.84166666666665,5.075,4.2250000000000005,165.08333333333334,70.5,29.858333333333334,72.29166666666667,0.0,93.45833333333333
2026-05-25,93.45833333333333,27.28333333333333,69.62916666666666,7.1375,4.675,196.5,61.75,30.224999999999998,76.79166666666667,0.0,78.29166666666667
2026-05-26,78.29166666666667,21.1375,47.25416666666666,9.404166666666667,5.641666666666667,230.54166666666666,66.5,30.5125,79.83333333333333,0.0,71.91666666666667
2026-05-27,71.91666666666667,21.212500000000002,43.31666666666666,10.0375,5.841666666666666,230.54166666666666,62.166666666666664,30.3125,80.66666666666667,0.0,74.125
2026-05-28,74.125,22.766666666666666,44.54583333333333,8.420833333333333,5.041666666666667,206.58333333333334,60.833333333333336,30.491666666666664,81.25,0.0,76.66666666666667
2026-05-29,76.66666666666667,22.65833333333333,45.395833333333336,8.291666666666666,4.95,220.54166666666666,63.916666666666664,30.9375,79.41666666666667,0.0,74.625
2026-05-30,74.625,21.158333333333335,43.85,8.275,4.808333333333334,221.29166666666666,67.875,31.175,78.79166666666667,0.0,71.95833333333333
2026-05-31,71.95833333333333,20.075,38.6875,5.979166666666667,4.779166666666667,170.04166666666666,58.041666666666664,30.65416666666667,78.95833333333333,0.075,74.16666666666667
2026-06-01,74.16666666666667,25.40416666666667,56.083333333333336,7.941666666666666,5.970833333333334,201.5,65.16666666666667,30.775000000000002,73.875,0.0,85.29166666666667
2026-06-02,85.29166666666667,30.616666666666664,68.9375,11.804166666666667,8.083333333333334,245.58333333333334,66.75,30.816666666666666,72.625,0.0,91.66666666666667
2026-06-03,91.66666666666667,29.3875,71.85416666666667,11.5625,8.174999999999999,243.625,61.041666666666664,30.25,72.66666666666667,0.0,91.75
2026-06-04,91.75,32.75,83.49166666666666,8.570833333333333,5.879166666666666,212.0,67.625,30.675,75.08333333333333,0.008333333333333333,93.70833333333333
2026-06-05,93.70833333333333,31.287499999999998,85.50416666666666,9.0375,6.220833333333334,230.125,72.625,30.75,76.33333333333333,0.0,86.625
2026-06-06,86.625,24.962500000000002,67.24583333333334,8.487499999999999,5.658333333333334,213.20833333333334,67.29166666666667,30.71666666666667,74.54166666666667,0.0,86.04166666666667
2026-06-08,86.04166666666667,27.34166666666667,70.73333333333333,7.308333333333334,4.983333333333333,199.0,74.54166666666667,31.129166666666666,76.04166666666667,0.0,77.125
2026-06-09,77.125,20.316666666666666,44.95416666666667,7.5249999999999995,4.7625,200.25,61.958333333333336,31.125,79.58333333333333,0.0,71.41666666666667
2026-06-10,71.41666666666667,21.104166666666668,50.12916666666666,8.775,4.779166666666667,211.41666666666666,61.708333333333336,31.270833333333332,78.625,0.0,84.875
2026-06-11,84.875,35.0625,106.09166666666665,9.525,5.2250000000000005,233.375,76.5,32.24583333333333,72.79166666666667,0.0,89.83333333333333
2026-06-12,89.83333333333333,23.204166666666666,64.2625,7.4750000000000005,4.608333333333333,203.75,64.58333333333333,31.0625,78.29166666666667,0.0,75.375
2026-06-13,75.375,21.875,62.425000000000004,6.129166666666666,4.083333333333333,174.95833333333334,57.25,30.941666666666666,71.20833333333333,0.0,68.25
2026-06-14,68.25,15.25,37.75,4.9624999999999995,4.0625,145.54166666666666,55.583333333333336,30.52916666666667,69.625,0.016666666666666666,61.958333333333336
2026-06-15,61.958333333333336,14.612499999999999,33.63333333333333,5.8125,4.233333333333333,171.58333333333334,55.666666666666664,30.3875,71.5,0.05000000000000001,63.333333333333336
2026-06-16,63.333333333333336,19.925,49.87083333333334,7.741666666666667,5.183333333333334,196.66666666666666,55.25,30.462500000000002,73.79166666666667,0.025000000000000005,74.75
2026-06-17,74.75,22.1375,53.083333333333336,8.283333333333333,5.341666666666666,194.25,54.416666666666664,30.662499999999998,70.375,0.016666666666666666,74.54166666666667
2026-06-18,74.54166666666667,22.254166666666666,52.675000000000004,8.566666666666666,5.545833333333333,195.95833333333334,53.625,30.566666666666666,70.95833333333333,0.025000000000000005,75.75
2026-06-19,75.75,24.0125,62.32916666666667,7.75,5.375,192.08333333333334,54.75,30.5,71.79166666666667,0.0,78.08333333333333
2026-06-20,78.08333333333333,21.65416666666667,63.68333333333334,6.979166666666667,4.866666666666666,188.29166666666666,54.833333333333336,30.474999999999998,71.66666666666667,0.004166666666666667,69.625
2026-06-21,69.625,19.070833333333333,49.916666666666664,4.9875,4.470833333333333,155.79166666666666,57.041666666666664,30.370833333333334,70.125,0.0,74.25
2026-06-22,74.25,24.229166666666668,59.020833333333336,6.0249999999999995,4.620833333333334,177.45833333333334,54.875,30.295833333333334,70.75,0.012500000000000002,77.95833333333333
2026-06-23,77.95833333333333,23.2625,56.458333333333336,6.541666666666667,4.670833333333333,183.0,54.375,30.3875,69.375,0.020833333333333332,76.16666666666667
2026-06-24,76.16666666666667,20.75,48.56666666666666,6.075,4.204166666666667,184.04166666666666,51.666666666666664,30.083333333333332,71.91666666666667,0.04583333333333334,68.125
2026-06-25,68.125,18.037499999999998,39.87916666666667,6.733333333333333,4.595833333333333,190.41666666666666,54.083333333333336,30.183333333333334,71.70833333333333,0.02916666666666667,69.41666666666667
2026-06-26,69.41666666666667,19.854166666666668,46.137499999999996,7.654166666666666,5.3999999999999995,198.0,53.25,30.316666666666666,72.58333333333333,0.004166666666666667,69.20833333333333
2026-06-27,69.20833333333333,19.1375,44.39166666666667,7.7625,5.5375000000000005,196.33333333333334,57.041666666666664,30.15416666666667,72.79166666666667,0.004166666666666667,70.70833333333333
2026-06-28,70.70833333333333,21.037499999999998,49.34166666666667,5.166666666666667,4.454166666666667,154.83333333333334,56.208333333333336,29.9875,73.95833333333333,0.03333333333333333,76.0
2026-06-29,76.0,25.479166666666668,60.69583333333333,5.870833333333334,4.366666666666666,174.29166666666666,56.041666666666664,29.879166666666666,71.75,0.004166666666666667,80.125
2026-06-30,80.125,22.25,51.362500000000004,6.8374999999999995,4.620833333333334,186.41666666666666,54.041666666666664,30.0125,71.5,0.04583333333333334,72.33333333333333
2026-07-01,72.33333333333333,19.891666666666666,45.29583333333333,8.008333333333333,5.029166666666667,199.20833333333334,53.083333333333336,29.954166666666666,76.04166666666667,0.07083333333333335,72.70833333333333
2026-07-02,72.70833333333333,23.270833333333332,58.520833333333336,9.6875,6.079166666666667,206.33333333333334,49.083333333333336,30.2,76.79166666666667,0.05416666666666667,77.54166666666667
2026-07-03,77.54166666666667,23.53333333333333,61.32916666666667,8.700000000000001,5.879166666666666,193.95833333333334,53.833333333333336,30.45,74.125,0.004166666666666667,82.375
2026-07-04,82.375,31.483333333333334,92.16250000000001,7.566666666666666,5.233333333333333,183.79166666666666,59.541666666666664,30.266666666666666,75.58333333333333,0.008333333333333333,98.25
2026-07-05,98.25,36.512499999999996,103.79583333333333,6.075,5.3875,154.33333333333334,64.54166666666667,30.495833333333334,74.70833333333333,0.004166666666666667,105.41666666666667
2026-07-06,105.41666666666667,36.40416666666667,92.52083333333333,10.0875,7.108333333333333,207.16666666666666,65.54166666666667,30.641666666666666,77.625,0.0,92.95833333333333
2026-07-07,92.95833333333333,27.395833333333332,58.38333333333333,11.308333333333332,7.808333333333334,249.45833333333334,72.83333333333333,30.625,79.41666666666667,0.0,85.04166666666667
2026-07-08,85.04166666666667,28.820833333333336,67.07083333333334,8.754166666666666,5.9375,216.75,66.5,30.22083333333333,78.625,0.0,83.91666666666667
2026-07-09,83.91666666666667,24.520833333333332,57.62916666666666,7.1625000000000005,5.133333333333334,189.91666666666666,56.666666666666664,29.84166666666667,75.875,0.020833333333333332,76.75
2026-07-10,76.75,23.325,52.9,5.720833333333334,4.3999999999999995,177.125,53.333333333333336,29.40833333333333,77.16666666666667,0.03333333333333333,75.91666666666667
2026-07-11,75.91666666666667,21.045833333333334,49.90416666666667,5.604166666666667,3.9375,181.16666666666666,55.083333333333336,29.258333333333336,79.125,0.0375,74.91666666666667
2026-07-12,74.91666666666667,25.020833333333332,67.57083333333334,5.5125,4.170833333333333,167.75,59.125,30.075,76.79166666666667,0.0,78.54166666666667
2026-07-13,78.54166666666667,21.900000000000002,53.44166666666666,5.854166666666667,4.116666666666666,179.66666666666666,52.916666666666664,29.724999999999998,75.41666666666667,0.05416666666666667,74.875
2026-07-14,74.875,21.229166666666668,55.275,7.866666666666667,4.991666666666666,195.08333333333334,45.958333333333336,28.883333333333336,80.04166666666667,0.11666666666666668,72.5
2026-07-15,72.5,22.6125,54.175000000000004,8.737499999999999,5.829166666666667,205.58333333333334,46.458333333333336,29.1125,76.0,0.05000000000000001,75.95833333333333
2026-07-16,75.95833333333333,21.0,52.90833333333333,9.966666666666667,6.854166666666667,214.45833333333334,46.208333333333336,29.066666666666666,77.45833333333333,0.03333333333333333,71.0
2026-07-17,71.0,19.316666666666666,44.07916666666667,8.845833333333333,5.9750000000000005,201.54166666666666,46.75,29.045833333333334,76.125,0.05833333333333334,66.20833333333333
2026-07-18,66.20833333333333,16.375,35.46666666666667,7.1000000000000005,4.675,186.875,50.375,28.983333333333334,74.45833333333333,0.041666666666666664,67.66666666666667
2026-07-19,67.66666666666667,19.941666666666666,48.46666666666667,6.3999999999999995,5.020833333333333,168.41666666666666,53.041666666666664,28.662499999999998,79.29166666666667,0.05416666666666667,70.625
2026-07-20,70.625,20.7375,50.074999999999996,8.841666666666667,6.016666666666667,210.29166666666666,51.541666666666664,28.941666666666666,79.58333333333333,0.07083333333333335,73.875
2026-07-21,73.875,21.033333333333335,48.333333333333336,10.783333333333333,6.8625,246.0,46.75,28.8875,80.75,0.02916666666666667,73.75
2026-07-22,73.75,23.09583333333333,57.104166666666664,11.779166666666667,8.095833333333333,255.58333333333334,49.125,29.454166666666666,78.83333333333333,0.020833333333333332,79.375
2026-07-23,79.375,27.162499999999998,73.58333333333333,10.75,9.645833333333334,297.0416666666667,64.41666666666667,29.962500000000002,75.79166666666667,0.016666666666666666,85.83333333333333
2026-07-24,85.83333333333333,27.474999999999998,74.35833333333333,11.370833333333332,8.5375,256.25,58.5,30.233333333333334,76.625,0.0,84.95833333333333
2026-07-25,84.95833333333333,26.1375,70.65833333333333,10.629166666666666,7.329166666666667,218.45833333333334,51.375,29.541666666666668,76.5,0.0,82.04166666666667
2026-07-26,82.04166666666667,26.34166666666667,80.25416666666666,7.7875000000000005,6.945833333333333,174.70833333333334,60.708333333333336,29.6875,73.0,0.0,83.25
2026-07-27,83.25,27.683333333333334,83.3875,7.204166666666667,5.616666666666667,186.20833333333334,58.458333333333336,29.829166666666666,73.125,0.004166666666666667,78.70833333333333
2026-07-28,78.70833333333333,22.212500000000002,58.64166666666667,7.425,5.3,198.125,58.958333333333336,29.45,75.45833333333333,0.012500000000000002,79.125
2026-07-29,79.125,24.875,56.55833333333333,9.025,5.679166666666667,222.5,61.375,29.745833333333334,78.625,0.0,80.41666666666667
2026-07-30,80.41666666666667,27.179166666666664,66.87916666666666,11.700000000000001,7.958333333333333,267.5833333333333,71.5,30.025000000000002,79.375,0.0,88.41666666666667
2026-07-31,88.41666666666667,30.75,73.5125,15.520833333333334,9.5375,280.75,76.54166666666667,30.291666666666668,79.875,0.0,90.25
2026-08-01,90.25,28.8125,76.1875,15.254166666666668,9.479166666666666,258.5416666666667,58.875,30.166666666666668,79.16666666666667,0.0,81.95833333333333
2026-08-02,81.95833333333333,23.804166666666664,66.31666666666666,7.091666666666666,5.6125,181.58333333333334,53.291666666666664,28.75,77.375,0.02916666666666667,82.33333333333333
2026-08-03,82.33333333333333,27.099999999999998,69.09583333333333,10.870833333333332,6.095833333333334,211.125,44.0,28.837500000000002,76.5,0.020833333333333332,83.25
2026-08-04,83.25,26.2375,64.4375,9.683333333333334,6.020833333333333,214.29166666666666,54.5,29.208333333333332,73.41666666666667,0.0,79.54166666666667
2026-08-05,79.54166666666667,25.833333333333332,60.80416666666667,8.566666666666666,5.370833333333334,202.54166666666666,57.5,29.291666666666668,75.5,0.0,83.83333333333333
2026-08-06,83.83333333333333,24.34166666666667,54.425000000000004,7.875,5.158333333333333,199.5,55.708333333333336,28.925,78.29166666666667,0.04583333333333334,74.41666666666667
2026-08-07,74.41666666666667,21.895833333333332,50.69583333333333,8.395833333333334,5.375,205.33333333333334,53.458333333333336,28.912499999999998,75.95833333333333,0.0,76.16666666666667
2026-08-08,76.16666666666667,23.629166666666666,60.699999999999996,8.629166666666666,5.954166666666667,208.04166666666666,52.416666666666664,28.8625,75.375,0.008333333333333333,76.75
2026-08-09,76.75,22.224999999999998,57.9125,7.5375000000000005,6.241666666666667,168.70833333333334,57.458333333333336,28.8,75.70833333333333,0.0,71.375
2026-08-10,71.375,19.341666666666665,46.762499999999996,7.183333333333334,5.05,183.83333333333334,54.583333333333336,28.616666666666664,76.08333333333333,0.012500000000000002,74.41666666666667
2026-08-11,74.41666666666667,23.191666666666666,49.99166666666667,8.570833333333333,5.154166666666667,200.625,49.875,28.400000000000002,78.54166666666667,0.05000000000000001,74.58333333333333
2026-08-12,74.58333333333333,20.925,44.25833333333333,9.15,5.95,224.16666666666666,55.791666666666664,28.145833333333332,80.625,0.0375,
